,Control_ID,Seq_ID,Sequence,Start_pos,End_pos,Start_Pos,End_Pos
0,0,AF451966,TAACCGCTATGTATTTCGTACATTACTGCCAGCCACCATGAATATTACATAGTACTATAACATTTAACCACCTATAACACATAAAAACCTACATCCACATTAAAACTTCCCCCCATGCTTACAAGCACGAACAATAATCGACCTCCAACTGTCGAACATAACACACAACCCCAAAGACACTCCTCCCCCACCCCGATACCAACAAACCTGACAGTCCTTAACAGTACATAGCACATACAATTATATACCGTACATAGCACATTACAGTCAAATCCATCCTCGCCCCCACGGATGCCCCCCCTC,35.0,338.0,,
1,0,EU527379,---CCGCTATGTATTTCGTACATTACTGCCAGCCACCATGAATATTGTACAGTACCATAACACCCAACTACCTATAATACATAAAATCC-ACTCCCACATTAAAACCTTACCCCAGGCTTACAAGCACGCACAACAATCAACCTCCAACTGTCAAACATAAAACACAACTCCAACGACACCCCTCCCCCACCCCGATATCAACAAACCT-ACCCCCCTTGACAGGACATAGTACATACAATCATACACCGTACATAGCACATTACAGTCAAATCCTTCCTCGTCCCCACGGATGCCCCCCCTC,67.0,366.0,,
2,0,JQ866202,---CCGCTATGTATTTCGTACATTACTGCCAGCCACCATGAATATTGTACAGTACTATAACACTCAACTACCTATAACACAT-CAAACCCAC-CCCACATTAAACCTCTACCCCATGCTTACAAGCACGCACAACAATCAACCCTCAACTGTCACACATAAAACACAACTCCAAAGACATTCCTCCCCCACCCCGATACCAACAGACCT-ATACTCCTTAACAGTACATAGTACATACAACCGTACACCATACATAGCACATTACAGTCAAATCCATTCTCGCCCCCACGGATGCCCCCCCTC,65.0,364.0,,
3,0,JQ866189,---CCGCTATGTATTTCGTACATTACTGCCAGCCACCATGAATATTGTACAGTACTATAACACTCAACTACCTATAACACATCAAATCC-AC-CCCACATTAAACCTCCACCCCATGCTTACAAGCACGCACAACAATCAACCTTCAACTGTCACACATAAAACACAACTCCAAAGACATTCCTCCCCCACCCCGATACCAACAAACCT-ATACTCCTTAACAGTACATAGTACATACAATCGTACACTATACATAGCACATTACAATCAAATCCATTCTCGCCCCCACGGATGCCCCCCCTC,65.0,364.0,,
4,0,JQ866180,---CCGCTATGTATTTCGTACATTACTGCCAGCCACCATGAATATTGTACAGTACTATAACACTCAACTACCTATAATACATCAAATCC-ACC-CCACATTACAACCTTACCCCATGCTTACAAGCACGCACAACAATCAACCCTCAACTGTCACACATAAAACACAACTCCAAAGACATTCCTCCCCCACCCCGATACCAACAAACCT-ATACTCCTTAACAGTACATAGTACATACAACCGTACACCATACATAGCACATTACAGTCAAATCCATTCTCGCCCCCACGGATGCCCCCCCTC,67.0,366.0,,
5,0,JQ866133,---CCGCTATGTATTTCGTACATTACTGCCAGCCACCATGAATATTGTACAGTACTATAACACTCAACTACCTATAACACATCAAATCC-ACC-CCACATTATAACCTCACCCCATGCTTACAAGCACGCACAACAATCAACCCTCAACTGTCACACATAAAACACAACTCCAAAGACATTCCTCCCCCACCCCGATATCAACAAACCT-ATACTCCTTAACAGTACATAGTACATACAATCGTACACTATACATAGCACATTACAATCAAATCCATTCTCGCCCCCACGGATGCCCCCCCTC,65.0,364.0,,
6,0,JQ866072,---CCGCTATGTATTTCGTACATTACTGCCAGCCACCATGAATATTATACAGTACTATAACACTCAACTACCTATAATACATCAAATCC-ACC-CCACATTACAACCTTACCCCATGCTTACAAGCACGCACAACAATCAACCCTCAACTGTCACACATAAAACACAACTCCAAAGACATTCCTCCCCCACCCCGATACCAACAGACCT-ATACTCCTTAACAGTACATAGTACATACAACCGTACACCATACATAGCACATTACAGTCAAATCCATTCTCGCCCCCACGGATGCCCCCCCTC,67.0,366.0,,
7,0,DQ370352,---CCGCTATGTATTTCGTACATTACTGCCAGCCACCATGAATATTGTACAGTACTATAACACTCAACTACCTATAATACAT-CAAACCCAC-CCCACATTAAACCTCTACCCCATGCTTACAAGCATGCACAACAATCAACCCTCAACTGTCACACATAAAACACAACTCCAAAGACACTCCTCCCCCACCCCGATATCAACAAACCT-ATACTCCTTAACAGTACATAGTACATACAACCGTACACCATACATAGCACATTTCAGTCAAATCCATTCTCGCCCCCACGGATGCCCCCCCTC,67.0,366.0,,
8,0,U77182,---CCGCTATGTATTTCGTACATTACTGCCAGCCACCATGAATATTGTACAGTACTATAACACTCAACTACCTATAACACATCAAATCC-AC-CCCACATTAAACCTCCACCCCATGCTTACAAGCACGCACAACAATCAACCCTCAACTGTCACACATAAAACACAACTCCAAAGACATTCCTCCCCCACCCCGATACCAACAAACCT-ATACTCCTTAACAGTACATAGTACATACAATCGTACACTATACATAGCACATTACAGTCAAATCCATTCTCGCCCCCACGGATGCCCCCCCTC,41.0,340.0,,
9,0,U77219,---CCGCTATGTATTTCGTACATTACTGCCAGCCACCATGAATATTGTACAGTACTATAACACTCAACTACCTATAATACAT-CAAACCCAC-CCCACATTAAACCTCTACCCCATGCTTACAAGCATGCACAACAATCAACCCTCAACTGTCACACATAAAACACAACTCCAAAGACACTCCTCCCCCACCCCGATATCAACAAACCT-ATACTCCTTAACAGTACATAGTACATACAACCGTACACCATACATAGCACATTTCAGTCAAATCCATTCTCGCCCCCACGGATGCCCCCCCTC,41.0,340.0,,
10,0,EU077274,---CCGCTATGTATTTCGTACATTACTGCCAGCCACCATGAATATTGTACAGTACTATAACACTCAACTACCTATAATACAT-CAAACCCACNCCCACATTAAACCTCTACCCCATGCTTACAAGCATGCACAACAATCAACCCCCAACTGTCACACATAAAACACAACTCCAAAGACATTCCTCCCCCACCCCGATACCAACAAACCT-ATACTCCTTAACAGTACATAGTACATACAACCGTACACCATACATAGCACATTACAGTCAAATCCATCCTCGCCCCCACGGATGCCCCCCCTC,58.0,358.0,,
11,0,MK178818,---CCGCTATGTATCTCGTACATTACTGCCAGCCACCATGAATATTGTACAGTACTATAACACTCAACTACCTATAACACAT-CAAACCCAC-TCCACATTACAACTCCCCCCCATGCTTACAAGCACGTACAACAATCAACCCTCAACTGTCACACATAAAACACAACTCCAAAGACACTCCTCCCCCACCCCGATACCAACAAACCT-ACACTCCTTAACAGTACATAGCACATACAACCGTACACCAGACATAGCACATTACAGTCAAATCCATTCTCGCCCCCACGGATGCCCCCCCTC,67.0,366.0,,
12,0,KX211949,---CCGCTATGTATTTCGTACATTACTGCCAGCCACCATGAATATTGTACAGTACTATAACACTCAACTACCTATAACACATCAAATCC-AC-CCCACATTAAACCTCCACCCCATGCTTACAAGCACGCACAACAATCAACCCTCAACTGTCACACATAAAACACAACTCCAAAGACATTCCTCCCCCACCCCGATACCAACAAACCT-ATACTCCTTAACAGTACATAGTACATACAATCGTACACTATACATAGCACATTACAATCAAATCCATTCTCGCCCCCACGGATGCCCCCCCTC,15503.0,15802.0,,
13,0,AB924650,---CCGCTATGTATTTCGTACATTACTGCCAGCCACCATGAATATTATACAGTACTATAACACTCAACTACCTATAATACATCAAATCC-AC-CCCACATTAAACCTCTACCCCATGCTTACAAGCACGCACAACAATCAACCCTCAACTGTCACACATAAAACACAACTCCAAAGACATTCCTCCCCCACCCCGATACCAACAGACCT-ATACTCCTTAACAGTACATAGTACATACAACCGTACACCATACATAGCACATTACAGTCAAATCCATCCTCGCCCCCACGGATGCCCCCCCTC,41.0,340.0,,
14,0,JQ866260,---CCGCTATGTATTTCGTACATTACTGCCAGCCACCATGAATATTGTACAGTACTATAACACTCAACTACCTATAATACAT-CAAACCCAC-CCCACATTAAACCTCCACCCCATGCTTACAAGCACGCACAACAATCAACCCTCAACTGTCACACATAAAACACAACTCCAAAGACACTCCTCCCCCACCCCGATACCAACAGACCT-ATACTCCTTAACAGTACATAGTACATACAACCGTACACCATACATAGCACATTACAGTCAAATCCATTCTCGCCCCCACGGATGCCCCCCCTC,65.0,364.0,,
15,0,JQ866248,---CCGCTATGTATTTCGTACATTACTGCCAGCCACCATGAATATTGTACAGTACTATAACACTCAACTACCTATAATACATCAAACCC-ACC-CCACATTACAACCTTACCCCATGCTTACAAGCACGCACAACAATCAACCCTCAACTGTCACACATAAAACACAACTCCAAAGACACTCCTCCCCCACCCCGATACCAACAGACCT-ATACTCCTTAACAGTACATAGTACATACAACCGTACACCATACATAGCACATTACAGTCAAATCCATCCTCGCCCCCACGGATGCCCCCCCTC,84.0,383.0,,
16,0,JQ866213,---CCGCTATGTATTTCGTACATTACTGCCAGCCACCATGAATATTGTACAGTACTATAACACTCAACTACCTATAATACAT-CAAACCCAC-CCCACATTAAACCTCCACCCTATGCTTACAAGCACGTACAACAATCAACCCTCAACTGTCACACATAAAACACAACTCCAAAGACATTCCTCCCCCACCCCGATACCAACAAACCT-ACACTCCTTAATAGTACATAGTACATACAACCGTACACCATACATAGCACATTACAGTCAAATCCATCCTCGCCCCCACGGATGCCCCCCCTC,84.0,383.0,,
17,0,JQ866181,---CCGCTATGTATTTCGTACATTACTGCCAGCCACCATGAATATTATACAGTACTATAACACTCAACTACCTATAATACATCAAATCC-AC-CCCACATTAAACCTCTACCCCATGCTTACAAGCACGCACAACAATCAACCCTCAACTGTCACACATAAAACACAACTCCAAAGACATTCCTCCCCCACCCCGATACCAACAGACCT-ATACTCCTTAACAGTACATAGTACATACAACCGTACACCATACATAGCACATTACAGTCAAATCCATCCTCGCCCCCACGGATGCCCCCCCTC,66.0,365.0,,
18,0,JQ866137,---CCGCTATGTATTTCGTACATTACTGCCAGCCACCATGAATATTGTACAGTACTATAACACTCAACTACCTATAATACAT-CAAACCCAC-CCCACATTAAACCTTCACCCCATGCTTACAAGCACGCACAACAATCAACCCTCAACTGTCACACATAAAACACAACTCCAAAGACATTCCTCCCCCACCCCGATACCAACAGACCT-ACACTCCTTAACAGTACATAGTACATACAACCGTACACCATACATAGCACATTACAGTCAAATCCATCCTCGCCCCCACGGATGCCCCCCCTC,65.0,364.0,,
19,0,JQ866126,---CCGCTATGTATTTCGTACATTACTGCCAGCCACCATGAATATTGTACAGTACTATAACACTCAACCACCTATAATACAT-CAAACCCAC-CCCACATTAAACCTCTACCCCATGCTTACAAGCACGCACAACAATCAACCCTCAACTGTCACACATAAAACACAACTCCAAAGACATTCCTCCCCCACCCCGATACCAACAGACCTG-TACTCCTTAACAGTACATAGTACATACAACCGTACACCATACATAGCACATTACAGTCAAATCCATCCTCGCCCCCACGGATGCCCCCCCTC,65.0,364.0,,
20,0,JQ866118,---CCGCTATGTATTTCGTACATTACTGCCAGCCACCATGAATATTGTACAGTACTATAACACTCAACTACCTATAACACATCAAATCC-AC-CCCACATTAAACCTCCACCCCATGCTTACAAGCACGCACAACAATCAACCCTCAACTGTCACACATAAAACACAACTCCAAAGACATTCCTCCCCCACCCCGATACCAACAAACCT-ATACTCCTTAACAGTACATAGTACATACAATCGTACACTATACATAGCACATTACAATCAAATCCATTCTCGCCCCCACGGATGCCCCCCCTC,65.0,364.0,,
21,0,JQ866088,---CCGCTATGTATTTCGTACATTACTGCCAGCCACCATGAATATTGTACAGTACTATAACACTCAACTACCTATAACACATCAAACCC-ACC-CCACATTACAACCTCACCCCATGCTTACAAGCACGCACAACAATCAACCCTCAACTGTCACACATAAAACACAACTCCAAAGACACTCCTCCCCCACCCCGATACCAACAAACCT-ATACTCCTTAACAGTACATAGTACATACAACCGTACACTATACATAGCACATTACAGTCAAATCCATCCTCGCCCCCACGGATGCCCCCCCTC,65.0,364.0,,
22,0,JQ866082,---CCGCTATGTATTTCGTACATTACTGCCAGCCACCATGAATATTGTACAGTACTATAACACTCAACTACCTATAATACAT-CAAACCCAC-CCCACATTAAACCTCTACCCCATGCTTACAAGCACGCACAACAATCAACCCTCAACTGTCACACATAAAACACAACTCCAAAGACATTCCTCCCCCACCCCGATACCAACAAACCT-ATACTCCTTAACAGTACATAGTACATACAACCGTACACCATACATAGCACATTACAGTCAAATCCATCCTCGCCCCCACGGATGCCCCCCCTC,65.0,364.0,,
23,0,JQ866078,---CCGCTATGTATTTCGTACATTACTGCCAGCCCCCATGAATATTATACAGTACTATAACACTCAACTACCTATAATACATCAAATCC-AC-CCCACATTAAACCTCTACCCCATGCTTACAAGCACGCACAACAATCAACCCTCAACTGTCACACATAAAACACAACTCCAAAGACATTCCTCCCCCACCCCGATACCAACAGACCT-ATACTCCTTAACAGTACATAGTACATACAACCGTACACCATACATAGCACATTACAGTCAAATCCATTCTCGCCCCCACGGATGCCCCCCCTC,84.0,383.0,,
24,0,JQ812118,---CCGCTATGTATTTCGTACATTACTGCCAGCCACCATGAATATTGTACAGTACTATAACACTCAACTACCTATAATACAT-CAAACCCAC-CCCACATTAAACCTCCACCCCATGCTTACAAGCATGCACAACAATCAACCCTCAACTGTCACACATAAAACACAACTCCAAAGACACTCCTCCCCCACCCCGATATCAACAAACCT-ATACTCCTTAACAGTACATAGTACATACAACCGTACACCATACATAGCACATTTCAGTCAAATCCATTCTCGCCCCCACGGATGCCCCCCCTC,65.0,364.0,,
25,0,JF727187,---CCGCTATGTATTTCGTACATTACTGCCAGCCACCATGAATATTGTACAGTACTATAACACTCAACTACCTATAACACATCAAATCC-AC-CCCACATTAAACCTCCACCCCATGCTTACAAGCACGCACAACAATCAACCCTCAACTGTCACACATAAAACACAACTCCAAAGACATTCCTCCCCCACCCCGATACCAACAAACCT-ATACTCCTTAACAGTACATAGTACATACAATCGTACACTATACATAGCACATTACAATCAAATCCATTCTCGCCCCCACGGATGCCCCCCCTC,15501.0,15800.0,,
26,0,JF727186,---CCGCTATGTATTTCGTACATTACTGCCAGCCACCATGAATATTGTACAGTACTATAACACTCAACTACCTATAATACAT-CAAACCCAC-CCCACATTAAACCTCTACCCCATGCTTACAAGCATGCACAACAATCAACCCTCAACTGTCACACATAAAACACAACTCCAAAGACACTCCTCCCCCACCCCGATATCAACAAACCTATCC-TCCTTAACAGTACATAGTACATACAACCGTACACCATACATAGCACATTTCAGTCAAATCCATTCTCGCCCCCACGGATGCCCCCCCTC,15501.0,15800.0,,
27,0,HM068581,---CCGCTATGTATTTCGTACATTACTGCCAGCCACCATGAATATTGTACAGTACTATAACACTCAACTACCTATAACACAT-CAAACCCAC-CCCACATTAAACCTCCACCCCATGCTTACAAGCACGCACAACAATCAACCCTCAACTGTCACACATAAAACACAACTCCAAAGACATTCCTCCCCCACCCCGATACCAACAAACCT-ATACTCCTTAACAGTACATAGTACATACAATCGTACACTATACATAGCACATTACAATCAAATCCATTCTCGCCCCCACGGATGCCCCCCCTC,15502.0,15801.0,,
28,0,EU527462,---CCGCTATGTATTTCGTACATTACTGCCAGCCACCATGAATATTGTACAGTACTATAACACTCAACTACCTATAATACAT-CAAACCCAC-CCCACATTAAACCTCTACCCCATGCTTACAAGCATGCACAACAATCAACCCCCAACTGTCACACATAAAACACAACTCCAAAGACATTCCTCCCCCACCCCGATACCAACAAACCT-ATACTCCTTAACAGTACATAGTACATACAACCGTACACCATACATAGCACATTACAGTCAAATCCATCCTCGCCCCCACGGATGCCCCCCCTC,84.0,383.0,,
29,0,DQ140257,---CCGCTATGTATTTCGTACATTACTGCCAGCCACCATGAATATTGTACAGTACTATAACACTCAACTACCTATAACACAT-CAAACCCAC-TCCACATTACAACTCCCCCCCATGCTTACAAGCACGTACAACAATCAACCCTCAACTGTCACGCATAAAACACAACTCCAAAGACACTCCTCCCCCACCCCGATACCAACAAACCT-ACACTCCTTAACAGTACATAGCACATACAACCGTACACCAGACATAGCACATTACAGTCAAATCCATTCTCGCCCCCACGGATGCCCCCCCTC,35.0,334.0,,
30,0,DQ370340,---CCGCTATGTATTTCGTACATTACTGCCAGCCACCATGAATATTATACAGTACTATAACACTCAACTACCTATAATACATCAAATCC-AC-CCCACATTAAACCTCTACCCCATGCTTACAAGCACGCACAACAATCAACCCTCAACTGTCACACATAAAACACAACTCCAAAGACATTCCTCCCCCACCCCGATACCAACAGACCT-ATACTCCTTAACAGTACATAGTACATACAACCGTACACCATACATAGCACATTACAGTCAAATCCATCCTCGCCCCCACGGATGCCCCCCCTC,67.0,366.0,,
31,0,DQ370338,---CCGCTATGTATTTCGTACATTACTGCCAGCCACCATGAATATTGTACAGTACTATAACACTCAACTACCTATAATACAT-CAAACCCAC-CCCACATTAAACCTCTACCCCATGCTTACAAGCACGCACAATAATCAACCCTCAACTGTCACACATAAAACACAACTCCAAAGACATTCCTCCCCCACCCCGATACCAACAGACCT-ATACTCCTTAACAGTACATAGTACATACAACCGTACACCATACATAGCACATTACAGTCAAATCCATCCTCGCCCCCACGGATGCCCCCCCTC,67.0,366.0,,
32,0,AY918614,---CCGCTATGTATTTCGTACATTACTGCCAGCCACCATGAATATTGTACAGTACCATAACACCCAACTACCTATAACACATAAAATCC-ACTCCCACACCAAAACTTCACCCCATGCTTACAAGCACGCACAACAATCAACCTCCAACTGTCAAACATAAAACACAACTCCAACGACACCCCTCCCCCACCCCGATATCAACAGACCTACCCCCCCTTGACAGAACATAGTACATACAATCATACACCGTACATAGCACATTACAGTCAAATTCTTCCTCGTCCCCACGGATGCCCCCCCTC,4.0,304.0,,
33,0,U77183,---CCGCTATGTATTTCGTACATTACTGCCAGCCACCATGAATATTGTACAGTACTATAACACTCAACTACCTATAACACATCAAATCC-AC-CCCACATTAAACCTCCACCCCATGCTTACAAGCACGCACAACAATCAACCCTCAACTGTCACACATAAAACACAACTCCAAAGACATTCCTCCCCCACCCCGATACCAACAAACCT-ATACTCCTTAACAGTACATAGTACATACAATCGTACACTATACATAGCACATTACAATCAAATCCATTCTCGCCCCCACGGATGCCCCCCCTC,41.0,340.0,,
34,0,U77255,---CCGCTATGTATTTCGTACATTACTGCCAGCCACCATGAATATTGTACAGTACTATAACACTCAACTACCTATAATACAT-CAAACCCAC-CCCACATTAAACCTCTACCCCATGCTTACAAGCATGCACAACAATCAACCCCCAACTGTCACACATAAAACACAACTCCAAAGACATTCCTCCCCCACCCCGATACCAACAAACCT-ATACTCCTTAACAGTACATAGTACATACAACCGTACACCATACATAGCACATTACAGTCAAATCCATCCTCGCCCCCACGGATGCCCCCCCTC,41.0,340.0,,
35,0,U77254,---CCGCTATGTATTTCGTACATTACTGCCAGCCACCATGAATATTGTACAGTACTATAACACTCAACTACCTATAATACAT-CAAACCCAC-CCCACATTAAACCTCTACCCCATGCTTACAAGCATGCACAACAATCAACCCCCAACTGTCACACATAAAACACAACTCCAAAGACATTCCTCCCCCACCCCGATACCAACAAACCT-ATACTCCTTAACAGTACATAGTACATACAACCGTACACCATACATAGCACATTACAGTCAAATCCATCCTCGCCCCCACGGATGCCCCCCCTC,41.0,340.0,,
36,0,U77252,---CCGCTATGTATTTCGTACATTACTGCCAGCCACCATGAATATTGTACAGTACTATAACACTCAACTACCTATAATACAT-CAAACCCAC-CCCACATTAAACCTCTACCCCATGCTTACAAGCATGCACAACAATCAACCCCCAACTGTCACACATAAAACACAACTCCAAAGACATTCCTCCCCCACCCCGATACCAACAAACCT-ATACTCCTTAACAGTACATAGTACATACAACCGTACACCATACATAGCACATTACAGTCAAATCCATCCTCGCCCCCACGGATGCCCCCCCTC,41.0,340.0,,
37,0,U77244,---CCGCTATGTATTTCGTACATTACTGCCAGCCACCATGAATATTATACAGTACTATAACACTCAACTACCTATAATACATCAAATCC-AC-CCCACATTAAACCTCTACCCCATGCTTACAAGCACGCACAACAATCAACCCTCAACTGTCACACATAAAACACAACTCCAAAGACATTCCTCCCCCACCCCGATACCAACAGACCT-ATACTCCTTAACAGTACATAGTACATACAACCGTACACCATACATAGCACATTACAGTCAAATCCATCCTCGCCCCCACGGATGCCCCCCCTC,41.0,340.0,,
38,0,L35433,---CCGCTATGTATTTCGTACATTACTGCCAGCCACCATGAATATTGTACAGTACCATAACACCCAACTACCTATAACACATAAAATCC-ACTCCCACACCAAAACTTCACCCCATGCTTACAAGCACGCACAACAATCAACCTCCAACTGTCGAACATAAAACACAACTCCAACGACACCCCTCCCCCACCCCGATATCAACAGACCT-ACCCCCCTTGACAGAACATAGTACATACAATCATACACCGTACATAGCACATTACAGTCAAATTCTTCCTCGTCCCCACGGATGCCCCCCCTC,27.0,326.0,,
39,0,MK178832,---CCGCTATGTATTTCGTACATTACTGCCAGCCACCATGAATATTGTACAGTACCATAACACCCAACTACCTATAACACATAAAATCC-ACTCCCACACCAAAACCTTACCCCATGCTTACAAGCACGCACAACAATCAACCTCCAACTGTCGAACATAAAACACAACTCCAACGACACCCCTCCCCCACCCCGATATCAACAGACCTACCCCCCCTTGACAGAACATAGTACATACAATCATACACCGTACATAGCACATTACAGTCAAATCCTTCCTCGTCCCCACGGATGCCCCCCCTC,67.0,368.0,,
40,0,HM068588,-------TATGTATTTCGTACATTACTGCCAGTCACCATGAATATTGTACAGTACTATAACACTCAACTACCTATAATACAT-CAAACCCAC-CCCACATTAAACCTCTACCCCATGCTTACAAGCACGCACAACAATCAACCCTCAACTGTCACACATAAAACACAACTCCAAAGACACTCCTCCCCCACCCCGATATCAACAAACCT-ATACTCCTTAACAGTACATAGTACATACAACCGTACACCATACATAGCACATTTCAGTCAAATCCATCCTCGCCCCCACGGATGCCCCCCCTC,15505.0,15800.0,,
41,0,EU077378,---CCGCTATGTATTTCGTACATTACTGCCAGCCACCATGAATATTGTACAGTACTATAACACTCAACTACCTATAATACATCAAATCC-ACNCCCACATTAAACCTCCACCCCATGCTTACAAGCACGCACAACAATCAACCCTCAACTGTCACACATAAAACACAACTCCAAAGACATTCCTCCCCCACCCCGATACCAACAAACCT-ATACTCCTTAACAGTACATAGTACATACAATCGTACACTATACATAGCACATTACAATCAAATCCATTCTCGCCCCCACGGATGCCCCCCCTC,58.0,358.0,,
42,0,EU077292,---CCGCTATGTATTTCGTACATTACTGCCAGCCACCATGAATATTGTACAGTACTATAACACTCAACTACCTATAATACAT-CAAACCCACNCCCACATTAAACCTCCACCCCATGCTTACAAGCACGCACAACAATCAACCCTCAACTGTCACACATAAAACACAACTCCAAAGACATTCCTCCCCCACCCCGATACCAACAAACCT-ATACTCCTTAACAGTACATAGTACATACAACCGTACACCATACATAGCACATTACAGTCAAATCCATCCTCGCCCCCACGGATGCCCCCCCTC,58.0,358.0,,
43,0,EU077280,---CCGCTATGTATTTCGTACATTACTGCCAGCCACCATGAATATTGTACAGTACTATAACACTCAACTACCTATAATACAT-CAAACTCACNCCCACATTAAACCTCCACCCCATGCTTACAAGCACGCACAACAATCAACCCTCAACTGTCACACATAAAACACAACTCCAAAGACACTCCTCCCCCACCCCGATATCAACAAACCTATCC-TCCTTAACAGTACATAGTACATACAACCGTACACCATACATAGCACATTACAGTCAAATCCATCCTCGCCCCCACGGATGCCCCCCCTC,58.0,358.0,,
44,0,EU077271,---CCGCTATGTATTTCGTACATTACTGCCAGCCACCATGAATATTGTACAGTACTATAACACTCAACTACCTATAATACAT-CAAACCCACNCCCACATTAAACCTCTACCCCATGCTTACAAGCATGCACAACAATCAACCCTCAACTGTCACACATAAAACACAACTCCAAAGACATTCCTCCCCCACCCCGATACCAACAAACCT-ATACTCCTTAACAGTACATAGTACATACAACCGTACACCATACATAGCACATTACAGTCAAATCCATCCTCGCCCCCACGGATGCCCCCCCTC,58.0,358.0,,
45,0,DQ370351,-------TATGTATTTCGTACATTACTGCCAGTCACCATGAATATTGTACAGTACTATAACACTCAACTACCTATAATACAT-CAAACCCAC-CCCACATTAAACCTCTACCCCATGCTTACAAGCACGCACAACAATCAACCCTCAACTGTCACACATAAAACACAACTCCAAAGACACTCCTCCCCCACCCCGATATCAACAAACCT-ATACTCCTTAACAGTACATAGTACATACAACCGTACACCATACATAGCACATTTCAGTCAAATCCATCCTCGCCCCCACGGATGCCCCCCCTC,71.0,366.0,,
46,0,U77218,-------TATGTATTTCGTACATTACTGCCAGTCACCATGAATATTGTACAGTACTATAACACTCAACTACCTATAATACAT-CAAACCCAC-CCCACATTAAACCTCTACCCCATGCTTACAAGCACGCACAACAATCAACCCTCAACTGTCACACATAAAACACAACTCCAAAGACACTCCTCCCCCACCCCGATATCAACAAACCT-ATACTCCTTAACAGTACATAGTACATACAACCGTACACCATACATAGCACATTTCAGTCAAATCCATCCTCGCCCCCACGGATGCCCCCCCTC,45.0,340.0,,
47,0,MK178849,---CCGCTATGTATTTCGTACATTACTGCCAGCCACCATGAATATTGTACAGTACCATAACACCCAACTACCTATAATACATAAAATCC-ACTCCCACACCAAAACTTCACCCCATGCTTACAAGCACGCACAACAATCAACCTCCAACTGTCAAACATAAAACACAACTCCAACGACACCCCTCCCCCACCCCGATATCAACAGACCT-ACCCCCCTTGACAGAACATAGTACATACAATCATACACCGTACATAGCACATTACAGTCAAACTCTTCCTCGTCCCCACGGATGCCCCCCCTC,67.0,366.0,,
48,0,MK178760,---CCGCTATGTATTTCGTACATTACTGCCAGCCACCATGAATATTGTACAGTACCATAACACCCAACTACCTATAACACATAAAATCC-ACTCCCACACCAAAACTTCACCCCATGCTTACAAGCACGCACAACAATCAACCTCCAACTGTCGAACATAAAACACAACTCCAACGACACCCCTCCCCCACCCCGATATCAACAGACCTACCCCCCCTTGACAGAACATAGTACATACAATCATACACCGTACATAGCACATTACAGTCAAATTCTTCCTCGTCCCCACGGATGCCCCCCCTC,84.0,384.0,,
49,0,KX211954,---CCGCTATGTATTTCGTACATTACTGCCAGCCACCATGAATATTGTACAGTACCATAACACCCAACTACCTATAACACATAAAATCC-ACTCCCACACCAAAACTTCACCCCATGCTTACAAGCACGCACAACAATCAACCTCCAACTGTCGAACATAAAACACAACTCCAACGACACCCCTCCCCCACCCCGATATCAACAGACCTACCCCCCCTTGACAGAACATAGTACATACAATCATACACCGTACATAGCACATTACAGTCAAATTCTTCCTCGTCCCCACGGATGCCCCCCCTC,15503.0,15803.0,,
50,0,KX211945,---CCGCTATGTATTTCGTACATTACTGCCAGCCACCATGAATATTGTACAGTACTATAACACTCAACTACCTATAATACAT-CAAACCCAC-CCCACATTAAACCTCTACCCCATGCTTACAAGCATGCACAACAATCAACCCTCAACTGTCACACATAAAACACAACTCCAAAGACATTCCTCCCCCACCCCGATACCAACAAACCTGAC-CCCCTTAACAGTACATAGTACATACAACCGTACACCATACATAGCACATTACAGTCAAATCCATCCTCGCCCCCACGGATGCCCCCCCTC,15501.0,15800.0,,
51,0,AB924656,---CCGCTATGTATTTCGTACATTACTGCCAGCCACCATGAATATTGTACAGTACTATAACACTCAACTACCTATAATACATCAAATCC-ACC-CCACATTACAACCTCACCCCATGCTTACAAGCACGCACAACAATCAACCCTCAACTGTCACACATAAAACACAACTCCAAAGACATTCCTCCCCCACCCCGATACCAACAAACCT-ATACTCTTTTAAAGTACATAGTACATACAACCGTACACCATACATAGCACATTACAGTCAAATCCATTCTCGCCCCCACGGATGCCCCCCCTC,41.0,340.0,,
52,0,AB924651,---CCGCTATGTATTTCGTACATTACTGCCAGCCACCATGAATATTGTACAGTACTATAACACTCAACTACCTATAATACATCAAACCC-ACC-CCACATTACAACCTCACCCCATGCTTACAAGCATGCACAACAATCAACCCTCAACTGTCACACATAAAACACAACTCCAAAGACATTCCTCCCCCACCCCGATACCAACAAACCT-ATACTCCTTAACAGTACATAGTACATACAACCGTACACCATACATAGCACATTACAGTCAAATCCATTCTCGCCCCCACGGATGCCCCCCCTC,41.0,340.0,,
53,0,JN191231,---CCGCTATGTATTTCGTACATTACTGCCAGCCACCATGAATATTGTACAGTACCATAACACCCAACTACCTATAACACATAAAATCC-ACTCCCACACCAAAACTTCACCCCATGCTTACAAGCACGCACAACAATCAACCTCCAACTGTCGAACATAAAACACAACTCCAACGACACCCCTCCCCCACCCCGATATCAACAGACCTACCCCCCCTTGACAGAACATAGTACATACAATCATACACCGTACATAGCACATTACAGTCAAATTCTTCCTCGTCCCCACGGATGCCCCCCCTC,15503.0,15803.0,,
54,0,JQ866267,---CCGCTATGTATTTCGTACATTACTGCCAGCCACCATGAATATTGTACAGTACTATAACACTCAACTACCTATAATACAT-CAAACCCAC-CCCACATTAAACCTTTACCCCATGCTTACAAGCACGCACAACAATCAACCCTCAACTGTCACACATAAAACACAACTCCAAAGACATTCCTCCCCCACCCCGATACCAACAGACCTG-TACTCCTTAACAGTACATAGTACATACAACCGTACACTATACATAGCACATTACAGTCAAATCCATCCTCGCCCCCACGGATGCCCCCCCTC,65.0,364.0,,
55,0,JQ866264,---CCGCTATGTATTTCGTACATTACTGCCAGCCACCATGAATATTGTACAGTACTATAACACTCAACTACCTATAATACAT-CAAACCCAC-CCCACATTAAACCTCTACCCCATGCTTACAAGCATGCACAACAATCAACCCTCAACTGTCACACATAAAACACAACTCCAAAGACATTCCTCCCCCACCCCGATACCAACAAACCT-ATACTCCTTAACAGTACATAGTACATACAACCGTACACCATACATAGCACATTACAGTCAAATCCATCCTCGCCCCCACGGATGCCCCCCCTC,65.0,364.0,,
56,0,JQ866256,---CCGCTATGTATTTCGTACATTACTGCCAGCCACCATGAATATTGTACAGTACTATAACACTCAACTACCTATAATACAT-CAAACCCAC-CCCACATTAAACCTCTACCCCATGCTTACAAGCACGCACAACAATCAACCCTCAACTGTCACACATAAAACACAACTCCAAAGACATTCCTCCCCCACCCCGATACCAACAGACCT-ATACTCCTTAACAGTACATAGTACATACAACCGTACACCATACATAGCACATTACAGTCAAATCCATCCTCGCCCCCACGGATGCCCCCCCTC,84.0,383.0,,
57,0,JQ866251,---CCGCTATGTATTTCGTACATTACTGCCAGCCACCATGAATATTGTACAGTACTATAACACTCAACTACCTATAATACAT-CAAACCCAC-CCCACATTAAACCTCTACCCCATGCTTACAAGCACGCACAACAATCAACCCTCAACTGTCACACATAAAACACAACTCCAAAGACATCCCTCCCCCACCCCGATACCAACAAACCTG-TACTCCTTAACAGTACATAGTACATACAACCGTACACCATACATAGCACATTACAGTCAAATCCATCCTCGCCCCCACGGATGCCCCCCCTC,65.0,364.0,,
58,0,JQ866240,---CCGCTATGTATTTCGTACATTACTGCCAGCCACCATGAATATTGTACAGTACTATAACACTCAACTACCTATAATACAT-CAAACCCACCT-CACATTAAACCTCTACCCCATGCTTACAAGCACGCACAACAATCAACCCTCAACTGTCACACATAAAACACAACTCCAAAGACATTCCTCCCCCACCCCGATACCAACAGACCTG-TACTCCTTAACAGTACATAGTACATACAACCGTACACCATACATAGCACATTACAGTCAAATCCATCCTCGCCCCCACGGATGCCCCCCCTC,65.0,364.0,,
59,0,JQ866238,---CCGCTATGTATTTCGTACATTACTGCCAGCCACCATGAATATTGTACAGTACTATAACACTCAACTACCTATAATACAT-CAAACCCAC-CCCACATTAAACCTCCACCCCATGCTTACAAGCACGCACAACAATCAACCCTCAACTGTCACACATAAAACACAACTCCAAAGACATTCCTCCCCCACCCCGATACCAACAAACCT-ATACTCCTTAACAGTACATAGTACATACAACCGTACACCATACATAGCACATTACAGTCAAATCCATCCTCGCCCCCACGGATGCCCCCCCTC,66.0,365.0,,
60,0,JQ866220,---CCGCTATGTATTTCGTACATTACTGCCAGCCACCATGAATATTGTACAGTACTATAACACTCAACTACCTATAATACATCAAATCC-AC-CCCGCATTAAACCTCCACCCCATGCTTACAAGCACGCACAACAATCAACCCTCAACTGTCACACATAAAACACAACTCCAAAGACATTCCTCCCCCACCCCGATACCAACAAACCT-ATACTCCTTAACAGTACATAGTACATACAATCGTACACTATACATAGCACATTACAGTCAAATCCATTCTCGCCCCCACGGATGCCCCCCCTC,66.0,365.0,,
61,0,JQ866216,---CCGCTATGTATTTCGTACATTACTGCCAGCCACCATGAATATTGTACAGTACTATAACACTCAACTACCTATAATACATCAAACCC-ACC-CCACATTACAACCTCACCCCATGCTTACAAGCATGCACAACAATCAACCCTCAACTGTCACACATAAAACACAACTCCAAAGACATTCCTCCCCCACCCCGATACCAACAAACCT-ATACTCCTTAACAGTACATAGTACATACAACCGTACACCATACATAGCACATTACAGTCAAATCCATTCTCGCCCCCACGGATGCCCCCCCTC,65.0,364.0,,
62,0,JQ866209,---CCGCTATGTATTTCGTACATTACTGCCAGCCACCATGAATATTGTACAGTACTATAACACTCAACTACCTATAATACAT-CAAACCCAC-CCCACATTAAACCTCTACCCCATGCTTACAAGCATGCACAACAATCAACCCTCAACTGTCACACATAAAACACAACTCCAAAGACATTCCTCCCCCACCCCGATACCAACAAACCT-ATACTCCTTAACAGTACATAGTACATACAACCGTACACCATACATAGCACATTACAGTCAAATCCATCCTCGCCCCCACGGATGCCCCCCCTC,65.0,364.0,,
63,0,JQ866207,---CCGCTATGTATTTCGTACATTACTGCCAGCCACCATGAATATTGTACAGTACTATAACACTCAACTACCTATAATACATCAAATCC-ACC-CCACATTACAACCTCACCCCATGCTTACAAGCATGCACAACAATCAACCCTCAACTGTCACACATAAAACACAACTCCAAAGACATTCCTCCCCCACCCCGATACCAACAAACCT-ATACTCCTTAACAGTACATAGTACATACAACCGTACACCATACATAGCACATTACAGTCAAATCCATTCTCGCCCCCACGGATGCCCCCCCTC,65.0,364.0,,
64,0,JQ866193,---CCGCTATGTATTTCGTACATTACTGCCAGCCACCATGAATATTGTACAGTACTATAACACTCAACTACCTATAACACAT-CAAACCCAC-CCCACATTAAACCTCCACCCTATGCTTACAAGCACGCACAACAATCAACCCCCAACTGTCACACATAAAACACAACTCCAAAGACATTCCTCCCCCACCCCGATACCAACAGACCT-ATACTCCTTAACAGTACATAGTACATACAACCGTACACCATACATAGCACATTACAGTCAAATCCATCCTCGCCCCCACGGATGCCCCCCCTC,65.0,364.0,,
65,0,JQ866191,---CCGCTATGTATCTCGTACATTACTGCCAGCCACCATGAATATTGTACAGTACTATAACACTCAACTACCTATAATACATCAAACCC-ACC-CCACATTACAACCTCACCCCATGCTTACAAGCACGCACAACAATCAACCCTCAACTGTCACACATAAAACACAACTCCAAAGACATTCCTCCCCCACCCCGATACCAACAAACCT-ATACTCCTTAACAGTACATAGTACATACAACCGTACACCGTACATAGCACATTACAGTCAAATCCATCCTCGCCCCCACGGATGCCCCCCCTC,84.0,383.0,,
66,0,JQ866169,---CCGCTATGTATTTCGTACATTACTGCCAGCCACCATGAATATTGTACAGTACTATAACACTCAACTACCTATAATACAT-CAAACCCAC-CCCACATTAAACCTCTACCCCATGCTTACAAGCACGCACAACAATCAACCCTCAACTGTCACACATAAAACACAACTCCAAAGACATTCCTCCCCCACCCCGATACCAACAAACCTG-TACTCCTTAACAGTACATAGTACATACAACCGTACACCATACATAGCACATTACAGTCAAATCCATCCTCGCCCCCACGGATGCCCCCC---,65.0,361.0,,
67,0,JQ866168,---CCGCTATGTATTTCGTACATTACTGCCAGCCACCATGAATATTGTACAGTACTATAACACTCAACTACCTATAATACATCAAACCC-ACC-CCACATTACAACCTCACCCCATGCTTACAAGCACGCACAACAATCAACCCTCAACTGTCACACATAAAACACAACTCCAAAGACACTCCTCCCCCACCCCGATACCAACAGACCT-ACACTCCTTAACAGTACATAGTACATACAACCGCACACCATACATAGCACATTACAGTCAAATCCATCCTCGCCCCCACGGATGCCCCCCCTC,65.0,364.0,,
68,0,JQ866156,---CCGCTATGTATTTCGTACATTACTGCCAGCCACCATGAATATTGTACAGTACTATAACACTCAACTACCTATAACACATCAAATTC-ACC-CCACATTACAACCTCACCCCATGCTTACAAGCACGCACAACAATCAACCCTCAACTGTCACACATAAAACACAACTCCAAAGACACTCCTCCCCCACCCCGATACCAACAAACCTAACCCT-CTTAACAGTACATAGCACATACAACCGTACACCGTACATAGCACATTACAGTCAAATCCATCCTCGCCCCCACGGATGCCCCCCCTC,84.0,383.0,,
69,0,JQ866144,---CCGCTATGTATTTCGTACATTACTGCCAGCCACCATGAATATTGTACAGTACTATAACACTCAACTACCTATAATACATCAAATCC-AC-CCCACATTAAACCTCCACCCCATGCTTACAAGCACGCACAACAATCAACCCTCAACTGTCACACATAAAACACAACTCCAAAGACATTCCTCCCCCACCCCGATACCAACAAACCT-ATACTCCTTAACAGTACATAGTACATACAATCGTACACTATACATAGCACATTACAATCAAATCCATTCTCGCCCCCACGGATGCCCCCCCTC,65.0,364.0,,
70,0,JQ866139,---CCGCTATGTATTTCGTACATTACTGCCAGCCACCATGAATATTGTACAGTACTATAACACTCAACTACCTATAATACAT-CAAACCCAC-CCCACATTAAACCTCTACCCCATGCTTACAAGCACGCACAACAATCAACCCTCAACTGTCACACATAAAACACAACTCCAAAGACATTCCTCCCCCACCCCGATACCAACAGACCTG-TACTCCTTAACAGTACATAGTACATACAACCGTACACCATACATAGCACATTACAGTCAAATCCATCCTCGCCCCCACGGATGCCCCCCCTC,65.0,364.0,,
71,0,JQ866136,---CCGCTATGTATCTCGTACATTACTGCCAGCCACCATGAATATTATACAGTACTATAACACTCAACTACCTATAATACATCAAATCC-AC-CCCACATTAAACCTCTACCCCATGCTTACAAGCACGCACAACAATCAACCCTCAACTGTCACACATAAAACACAACTCCAAAGACATTCCTCCCCCACCCCGATACCAACAGACCT-ATACTCCTTAACAGTACATAGTACATACAACCGTACACCATACATAGCACATTACAGTCAAATCCATCCTCGCCCCCACGGATGCCCCCCCTC,65.0,364.0,,
72,0,JQ866135,---CCGCTATGTATTTCGTACATTACTGCCAGCCACCATGAATATTGTACAGTACTATAACACTCAACTACCTATAATACAT-CAAACCCAC-CCCACATTAAACCTCCACCCCATGCTTACAAGCACGCACAACAATCAACCCTCAACTGTCACACATAAAACACAACTCCAAAGACATTCCTCCCCCACCCCGATACCAACAAACCT-ACACTCCTTAACAGTACATAGTACATACAACCGCACACCATACATAGCACATTACAGTCAAATCCATCCTCGCCCCCACGGATGCCCCCCCTC,65.0,364.0,,
73,0,JQ866134,---CCGCTATGTATTTCGTACATTACTGCCAGCCACCATGAATATTGTACAGTACTATAACACTCAACTACCTATAATACATCAAACCC-ACC-CCACATTACAACCTCACCCCATGCTTACAAGCACGCACAACAATCAACCCTCAACTGTCACACATAAAACACAACTCCAAAGACACTCCTCCCCCACCCCGATACCAACAGACCT-ATACTCCTTAACAGTACATAGTACATACAACCGTACACCATACATAGCACATTACAGTCAAATCCATCCTCGCCCCCACGGATGCCCCCCCTC,65.0,364.0,,
74,0,JQ866125,---CCGCTATGTATTTCGTACATTACTGCCAGCCACCATGAATATTGTACAGTACTATAACACTCAACTACCTATAACACATCAAATTC-AC-CCCACATTAAACCTCCACCCCATGCTTACAAGCACGCACAACAATCAACCCTCAACTGTCACACATAAAACACAACTCCAAAGACATTCCTCCCCCACCCCGATACCAACAAACCT-ATACTCCTTAACAGTACATAGTACATACAATCGTACACTATACATAGCACATTACAATCAAATCCATTCTCGCCCCCACGGATGCCCCCCCTC,65.0,364.0,,
75,0,JQ866121,---CCGCTATGTATTTCGTACATTACTGCCAGCCACCATGAATATTGTACAGTACTATAACACTCAACTACCTATAATACATTAAACCC-ACC-CCACATTACAACCTCACCCCATGCTTACAAGCACGCACAACAATCAACCCTCAACTGTCATACATAAAACACAACTCCAAAGACATTCCTCCCCCACCCCGATACCAACAAACCT-ATACTCCTTAACAGTACATAGTACATACAACCGTACACCATACATAGCACATTACAGTCAAATCCATTCTCGTCCCCACGGATGCCCCCCCTC,65.0,364.0,,
76,0,JQ866113,---CCGCTATGTATTTCGTACATTACTGCCAGCCACCATGAATATTGTACAGTACTATAACACTCAACTACCTATAATACAT-CAAACCCAC-CCCACATTAAACCTCTACCCCATGCTTACAAGCACGCACAACAATCAACCCTCAACTGTCACACATAAAACACAACTCCAAAGACATTCCTCCCCCACCCCGATACCAACAGACCTG-TACTCCTTAACAGTACATAGTACATACAACCGTACACCATACATAGCACATTACAGTCAAATCCATCCTCGCCCCCACGGATGCCCCCCCTC,65.0,364.0,,
77,0,JQ866108,---CCGCTATGTATTTCGTACATTACTGCCAGCCACCATGAATATTGTACAGTACTATAACACTCAACTACCTATAATACAT-CAAACCCAC-CCCACATTAAACCTCCACCCCATGCTTACAAGCACGCACAACAATCAACCCTCAACTGTCACACATAAAACACAACTCCAAAGACATTCCTCCCCCACCCCGATACCAACAAACCT-ATACTCCTTAACAGTACATAGTACATACAACCGTACACCATACATAGCACATTACAGTCAAATCCATCCTCGCCCCCACGGATGCCCCCCCTC,84.0,383.0,,
78,0,JQ866107,---CCGCTATGTATTTCGTACATTACTGCCAGCCACCATGAATATTGTACAGTACTATAACACTCAACTACCTATAATACAT-CAAACCCAC-CCCACATTAAACCTCTACCCCATGCTTACAAGCATGCACAACAATCAACCCTCAACTGTCACACATAAAACACAACTCCAAAGACATTCCTCCCCCACCCCGATACCAACAAACCT-ATACTCCTTAACAGTACATAGTACATACAACCGTACACCATACATAGCACATTACAGTCAAATCCATCCTCGCCCCCACGGATGCCCCCCCTC,84.0,383.0,,
79,0,JQ866105,---CCGCTATGTATTTCGTACATTACTGCCAGCCACCATGAATATTGTACAGTACTATAACACTCAACTACCTATAATACAT-CAAA-CT-CACCCACATTAAACCTCCACCCCATGCTTACAAGCACGCACAACAATCAACCCTCAACTGTCACACATAAAACACAACTCCAAAGACACTCCTCCCCCACCCCGATATCAACAAACCTATCC-TCCTTAACAGTACATAGTACATACAACCGTACACCATACATAGCACATTACAGTCAAATCCATCCTCGCCCCCACGGATGCCCCCCCTC,84.0,383.0,,
80,0,JQ866099,---CCGCTATGTATTTCGTACATTACTGCCAGCCACCATGAATATTGTACAGTACTATAACACTCAACTACCTATAACACATCAAATTC-ACC-CCACATTACAACCTCACCCCATGCTTACAAGCACGCACAACAATCAACCCTCAACTGTCACACATAAAACACAACTCCAAAGACACTCCTCCCCCACCCCGATACCAACAAACCTAACCCT-CTTAACAGTACATAGCACATACAACCGTACACCGTACATAGCACATTACAGTCAAATCCATCCTCGCCCCCACGGATGCCCCCCCTC,65.0,364.0,,
81,0,JQ866093,---CCGCTATGTATTTCGTACATTACTGCCAGCCACCATGAATATTATACAGTACTATAACACTCAACTACCTATAATACATCAAATCC-AC-CCCACATTAAACCTCCACCCCATGCTTACAAGCACGCACAACAATCAACCCTCAACTGTCACACATAAAACACAACTCCAAAGACATTCCTCCCCCACCCCGATACCAACAGACCT-ATACTCCTTAACAGTACATAGTACATACAACCGTACACCATACATAGCACATTACAGTCAAATCCATCCTCGCCCCCACGGATGCCCCCCCTC,84.0,383.0,,
82,0,JQ866090,---CCGCTATGTATTTCGTACATTACTGCCAGCCACCATGAATATTGTACAGTACTATAACACTCAACTACCTATAATACAT-CAAACCCAC-CCCACATTAAACCTCTACCCCATGCTTACAAGCACGCACAACAATCAACCCTCAACTGTCACACATAAAACACAACTCCAAAGACATTCCTCCCCCACCCCGATACCAACAGACCT-ATACTCCTTAACAGTACATAGTACATACAACCGTACACCATACATAGCACATTACAGTCAAATCCATCCTCGCCCCCACGGATGCCCCCCCTC,66.0,365.0,,
83,0,JQ866077,---CCGCTATGTATTTCGTACATTACTGCCAGCCACCATGAATATTGTACAGTACTATAACACTCAACTACCTATAACACAT-CAAACCCACCT-CACATTAAACCTCCACCCCATGCTTACAAGCACGCACAACAATCAACCCTCAACTGTCACACATAAAACACAACTCCAAAGACATTCCTCCCCCACCCCGATACCAACAGACCT-ATACTCCTTAACAGTACATAGTACATACAACCGTACACCATACATAGCACATTACAGTCAAATCCATCCTCGCCCCCACGGATGCCCCCCCTC,84.0,383.0,,
84,0,JQ812122,---CCGCTATGTATTTCGTACATTACTGCCAGCCACCATGAATATTGTACAGTACTATAACACTCAACTACCTATAATACAT-CAAACCCAC-CCCACATTAAACCTCTACCCCATGCTTACAAGCATGCACAACAATCAACCCTCAACTGTCACACATAAAACACAACTCCAAAGACATTCCTCCCCCACCCCGATACCAACAAACCTG-TACTCCTTAACAGTACATAGTACATACAACCGTACACCATACATAGCACATTACAGTCAAATCCATCCTCGCCCCCACGGATGCCCCCCCTC,65.0,364.0,,
85,0,JF727182,---CCGCTATGTATTTCGTACATTACTGCCAGCCACCATGAATATTGTACAGTACTATAACACTCAACTACCTATAATACAT-CAAACCCAC-CCCACATTAAACCTCCACCCCATGCTTACAAGCACGCACAACAATCAACCCTCAACTGTCACACATAAAACACAACTCCAAAGACATTCCTCCCCCACCCCGATACCAACAGACCT-ATACTCCTTGACAGTACATAGTACATACAACCGTACACCATACATAGCACATTACAGTCAAATCCATCCTCGCCCCCACGGATGCCCCCCCTC,15501.0,15800.0,,
86,0,JF727196,---CCGCTATGTATTTCGTACATTACTGCCAGCCACCATGAATATTGTACAGTACTATAACACTCAACTACCTATAATACATCAAACCC-ACC-CCACATTACAACCTCACCCCATGCTTACAAGCACGCACAACAATCAACCCTCAACTGTCACACATAAAACACAACTCCAAAGACATTCCTCCCCCACCCCGATACCAACAGACCT-ATACTCCTTAACAGTACATAGTACATACAACCGTACACCATACATAGCACATTACAGTCAAATCCATTCTCGCCCCCACGGATGCCCCCCCTC,15501.0,15800.0,,
87,0,JF727195,---CCGCTATGTATTTCGTACATTACTGCCAGCCACCATGAATATTGTACAGTACTATAACACTCAACTACCTATAATACAT-CAAACCCAC-CCCACATTAAACCTCCACCCCATGCTTACAAGCACGCACAACAATCAACCCTCAACTGTCACACATAAAACACAACTCCAAAGACATTCCTCCCCCACCCCGATACCAACAAACCT-ACACTCCTTAACAGTACATAGTACATACAACCGCACACCATACATAGCACATTACAGTCAAATCCATCCTCGCCCCCACGGATGCCCCCCCTC,15501.0,15800.0,,
88,0,JF727188,---CCGCTATGTATTTCGTACATTACTGCCAGCCACCATGAATATTGTACAGTACTATAACACTCAACTACCTATAATACAT-CAAACCCAC-CCCACATTAAACCTCTACCCCATGCTTACAAGCATGCACAACAATCAACCCTCAACTGTCACACATAAAACACAACTCCAAAGACATTCCTCCCCCACCCCGATACCAACAAACCT-ATACTCCTTAACAGTACATAGTACATACAACCGTACACCATACATAGCACATTACAGTCAAATCCATCCTCGCCCCCACGGATGCCCCCCCTC,15507.0,15806.0,,
89,0,EU527460,---CCGCTATGTATTTCGTACATTACTGCCAGCCACCATGAATATTGTACAGTACTATAACACTCAACTACCTATAATACATCAAATCC-AC-CCCACATTAAACCTCCACCCCATGCTTACAAGCACGCACAACAATCAACCCTCAACTGTCACACATAAAACACAACTCCAAAGACATTCCTCCCCCACCCCGATACCAACAAACCT-ATACTCCTTAACAGTACATAGTACATACAATCGTACACTATACATAGCACATTACAATCAAATCCATTCTCGCCCCCACGGATGCCCCCCCTC,84.0,383.0,,
90,0,EU527446,---CCGCTATGTATTTCGTACATTACTGCCAGCCACCATGAATATTGTACAGTACTATAACACTCAACTACCTATAATACAT-CAAACCCAC-CCCACATTAAACCTCTACCCCATGCTTACAAGCACGCACAACAATCAACCCTCAACTGTCACACATAAAACACAACTCCAAAGACATTCCTCCCCCACCCCGATACCAACAGACCT-ATACTCCTTAACAGTACATAGTACATACAACCGTACACCATACATAGCACATTACAGTCAAATCCATCCTCGCCCCCACGGATGCCCCCCCTC,84.0,383.0,,
91,0,EU527438,---CCGCTATGTATTTCGTACATTACTGCCAGCCACCATGAATATTGTACAGTACTATAACACTCAACTACCTATAATACAT-CAAACCCAC-CCCACATTAAACCTCTACCCCATGCTTACAAGCATGCACAACAATCAACCCTCAACTGTCACACATAAAACACAACTCCAAAGACATTCCTCCCCCACCCCGATACCAACAAACCT-ATACTCCTTAACAGTACATAGTACATACAACCGTACACCATACATAGCACATTACAGTCAAATCCATCCTCGCCCCCACGGATGCCCCCCCTC,67.0,366.0,,
92,0,EU527430,---CCGCTATGTATTTCGTACATTACTGCCAGCCACCATGAATATTGTACAGTACTATAACACTCAACTACCTATAATACAT-CAAACCCAC-CCCACATTACAACTTCACCCCATGCTTACAAGCACGTACAACAATCAACCCTCAACTGTCACACATAAAACACAATTCCAAAGACATTCCTCCCCCACCCCGATACCAACAAACCT-ATATTCCTTAACAGTACATAGTACATATAACCGTACACCATACATAGCACATTACAGTCAAATCCATTCTCGCCCCCACGGATGCCCCCCCTC,67.0,366.0,,
93,0,EU527416,---CCGCTATGTATTTCGTACATTACTGCCAGCCACCATGAATATTGTACAGTACTATAACACTCAACTACCTATAATACAT-CAAACCCAC-CCCACATTAAACCTCCACCCCATGCTTACAAGCACGCACAACAATCAACCCTCAACTGTCACACATAAAACACAACTCCAAAGACATTCCTCCCCCACCCCGATACCAACAGACCT-ATACTCCTTGACAGTACATAGTACATACAACCGTACACCATACATAGCACATTACAGTCAAATCCATCCTCGCCCCCACGGATGCCCCCCCTC,84.0,383.0,,
94,0,DQ370360,---CCGCTATGTATTTCGTACATTACTGCCAGCCACCATGAATATTGTACAGTACCATAACACCCAACTACCTATAACACATAAAATCC-ACTCCCACACCAAAACTTCACCCCATGCTTACAAGCACGCACAACAATCAACCTCCAACTGTCGAACATAAAACACAACTCCAACGACACCCCTCCCCCACCCCGATATCAACAGACCTACCCCCCCTTGACAGAACATAGTACATACAATCATACACCGTACATAGCACATTACAGTCAAATTCTTCCTCGTCCCCACGGATGCCCCCCCTC,67.0,367.0,,
95,0,DQ370353,---CCGCTATGTATTTCGTACATTACTGCCAGCCACCATGAATATTGTACAGTACTATAACACTTAACTACCTATAATACATCAAA-C-T-CACCCACATTACAACCTCACCCCATGCTTACAAGCACGCACAACAATCAACCCTCAACTGTCACACATAAAACACAACTCCAAAGACATTCCTCCCCCACCCCGATATCAACAAACCTATCC-TCCTTAACAGTACATAGTACATACAACCGTACACCATACATAGCACATTACAGTCAAATCCATCCTCGCCCCCACGGATGCCCCCCCTC,67.0,366.0,,
96,0,JQ812117,---CCGCTATGTATTTCGTACATTACTGCCAGTCACCATGAATATTGTACAGTACTATAACACTCAACTACCTATAATACAT-CAAACCCAC-CCCACATTAAACCTCTACCCCATGCTTACAAGCACGCACAACAATCAACCCTCAACTGTCACACATAAAACACAACTCCAAAGACACTCCTCCCCCACNCCGATATCAACAAACCT-ATACTCCTTAACAGTACATAGTACATACAACCGTACACCATACATAGCACATTTNAGTCAAATCCATCCTCGCCCCCACGGATGCCCCCCCTC,65.0,364.0,,
97,0,EU077315,---CCGCTATGTATTTCGTACATTACTGCCAGCCACCATGAATATTGTACAGTACTATAACACTCAACTACCTATAATACAT-CAAACCCACNCCCACATTAAACCTCTACCCCATGCTTACAAGCATGCACAACAATCAACCCTCAACTGTCACACATAAAACACAACTCCAAAGACATTCCTCCCCCACCCCGATACCAACAGACCT-ATACTCCTTAACAGTACATAGTACATACAACCGTACACCATACATAGCACATTACAGTCAAATCCATCCTCGCCCCCACGGATGCCCCCCCTC,58.0,358.0,,
98,0,EU077294,---CCGCTATGTATTTCGTACATTACTGCCAGCCACCATGAATATTGTACAGTACTATAACACTCAACTACCTATAATACATCAAACCC-ACNCCCACATTATAACCTCACCCCATGCTTACAAGCACGCACAACAATCAACCCTCAACTGTCACACATAAAACACAATTCCAAAGACATTCCTCCCCCACCCCGATATCAACAAACCTATCC-TCCTTAACAGTACATAGTACATACAACCGTACACCATACATAGCACATTACAGTCAAATCCATCCTCGCCCCCACGGATGCCCCCCCTC,58.0,358.0,,
99,0,EU077283,---CCGCTATGTATTTCGTACATTACTGCCAGCCACCATGAATATTGTACAGTACTATAACACTCAACTACCTATAATACAT-CAAACCCACNCCCACATTAAACCTCCACCCCATGCTTACAAGCACGCACAACAATCAACCCTCAACTGTCACACATAAAACACAACTCCAAAGACATTCCTCCCCCACCCCGATACCAACAGACCT-ATACTCCTTAACAGTACATAGTACATACAACCGTACACCATACATAGCACATTACAGTCAAATCCATCCTCGCCCCCACGGATGCCCCCCCTC,58.0,358.0,,
100,1,JX945978,AATATCCTAACACTCCTCGTCCCCATTCTAATCGCCATAGCCTTCCTAACATTAGTAGAACGCAAAATCTTAGGGTACATACAACTACGAAAAGGCCCTAACATTGTTGGTCCATACGGCATTTTACAACCATTTGCAGACGCCATAAAATTATTTATAAAAGAACCAATACGCCCTTTAACAACCTCTATATCCTTATTTATTATTGCACCTACCCTATCACTCACACTAGCATTAAGTCTATGAGTTCCCCTACCAATACCACACCCATTAATTAATTTAAACCTAGGGATTTTATTTATTTTAGCAACATCTAGCCTATCAGTTTACTCCATTCTATGATCAGGATGAGCCTCAAACTCCAAATACTCACTATTCGGAGCTTTACGAGCCGTAGCCCAAACAATTTCATATGAAGTAACCATAGCTATTATCCTTTTATCAGTTCTATTAATAAATGGATCCTACTCTCTACAAACACTTATTACAACCCAAGAACACATATGATTACTTCTGCCAGCCTGACCCATAGCCATAATATGATTTATCTCAACCCTAGCAGAAACAAACCGGGCCCCCTTCGACCTGACAGAAGGAGAATCAGAATTAGTATCAGGGTTTAACGTAGAATACGCAGCCGGCCCATTCGCGTTATTCTTTATAGCAGAGTACACTAACATTATTCTAATAAACGCCCTAACAACTATTATCTTCCTAGGACCCCTATACTATATCAATTTACCAGAACTCTACTCAACTAACTTCATAATAGAAGCTCTACTACTATCATCAACATTCCTATGGATCCGAGCATCTTATCCACGCTTCCGTTACGATCAACTTATACATCTTCTATGAAAAAACTTTCTACCCCTAACACTAGCATTATGTATGTGACATATTTCTTTACCAATTTTTACAGCGGGAGTACCACCA,,,2763.0,3698.0
101,1,JX945975,AATATCCTAACACTCCTCGTCCCCATTCTAATCGCCATAGCCTTCCTAACATTAGTAGAACGCAAAATCTTAGGGTACATACAACTACGAAAAGGCCCTAACATTGTTGGTCCATACGGCATTTTACAACCATTTGCAGACGCCATAAAATTATTTATAAAAGAACCAATACGCCCTTTAACAACCTCTATATCCTTATTTATTATTGCACCTACCCTATCACTCACACTAGCATTAAGTCTATGAGTTCCCCTACCAATACCACACCCATTAATTAATTTAAACCTAGGGATTTTATTTATTTTAGCAACATCTAGCCTATCAGTTTACTCCATTCTATGATCAGGATGAGCCTCAAACTCCAAATACTCACTATTCGGAGCTTTACGAGCCGTAGCCCAAACAATTTCATATGAAGTAACCATAGCTATTATCCTTTTATCAGTTCTATTAATAAATGGATCCTACTCTCTACAAACACTTATTACAACCCAAGAACACATATGATTACTTCTGCCAGCCTGACCCATAGCCATAATATGATTTATCTCAACCCTAGCAGAAACAAACCGGGCCCCCTTCGACCTGACAGAAGGAGAATCAGAATTAGTATCAGGGTTTAACGTAGAATACGCAGCCGGCCCATTCGCGTTATTCTTTATAGCAGAGTACACTAACATTATTCTAATAAACGCCCTAACAACTATTATCTTCCTAGGACCCCTATACTATATCAATTTACCAGAACTCTACTCAACTAACTTCATAATAGAAGCTCTACTACTATCATCAACATTCCTATGGATCCGAGCATCTTATCCACGCTTCCGTTACGATCAACTTATACATCTTCTATGAAAAAACTTTCTACCCCTAACACTAGCATTATGTATGTGACATATTTCTTTACCAATTTTTACAGCGGGAGTACCACCA,,,2763.0,3698.0
102,1,JX945974,AATATCCTAACACTCCTCGTCCCCATTCTAATCGCCATAGCCTTCCTAACATTAGTAGAACGCAAAATCTTAGGGTACATACAACTACGAAAAGGCCCTAACATTGTTGGTCCATACGGCATTTTACAACCATTTGCAGACGCCATAAAATTATTTATAAAAGAACCAATACGCCCTTTAACAACCTCTATATCCTTATTTATTATTGCACCTACCCTATCACTCACACTAGCATTAAGTCTATGAGTTCCCCTACCAATACCACACCCATTAATTAATTTAAACCTAGGGATTTTATTTATTTTAGCAACATCTAGCCTATCAGTTTACTCCATTCTATGATCAGGATGAGCCTCAAACTCCAAATACTCACTATTCGGAGCTTTACGAGCCGTAGCCCAAACAATTTCATATGAAGTAACCATAGCTATTATCCTTTTATCAGTTCTATTAATAAATGGATCCTACTCTCTACAAACACTTATTACAACCCAAGAACACATATGATTACTTCTGCCAGCCTGACCCATAGCCATAATATGATTTATCTCAACCCTAGCAGAAACAAACCGGGCCCCCTTCGACCTGACAGAAGGAGAATCAGAATTAGTATCAGGGTTTAACGTAGAATACGCAGCCGGCCCATTCGCGTTATTCTTTATAGCAGAGTACACTAACATTATTCTAATAAACGCCCTAACAACTATTATCTTCCTAGGACCCCTATACTATATCAATTTACCAGAACTCTACTCAACTAACTTCATAATAGAAGCTCTACTACTATCATCAACATTCCTATGGATCCGAGCATCTTATCCACGCTTCCGTTACGATCAACTTATACATCTTCTATGAAAAAACTTTCTACCCCTAACACTAGCATTATGTATGTGACATATTTCTTTACCAATTTTTACAGCGGGAGTACCACCA,,,2763.0,3698.0
103,1,JX945973,AATATCCTAACACTCCTCGTCCCCATTCTAATCGCCATAGCCTTCCTAACATTAGTAGAACGCAAAATCTTAGGGTACATACAACTACGAAAAGGCCCTAACATTGTTGGTCCATACGGCATTTTACAACCATTTGCAGACGCCATAAAATTATTTATAAAAGAACCAATACGCCCTTTAACAACCTCTATATCCTTATTTATTATTGCACCTACCCTATCACTCACACTAGCATTAAGTCTATGAGTTCCCCTACCAATACCACACCCATTAATTAATTTAAACCTAGGGATTTTATTTATTTTAGCAACATCTAGCCTATCAGTTTACTCCATTCTATGATCAGGATGAGCCTCAAACTCCAAATACTCACTATTCGGAGCTTTACGAGCCGTAGCCCAAACAATTTCATATGAAGTAACCATAGCTATTATCCTTTTATCAGTTCTATTAATAAATGGATCCTACTCTCTACAAACACTTATTACAACCCAAGAACACATATGATTACTTCTGCCAGCCTGACCCATAGCCATAATATGATTTATCTCAACCCTAGCAGAAACAAACCGGGCCCCCTTCGACCTGACAGAAGGAGAATCAGAATTAGTATCAGGGTTTAACGTAGAATACGCAGCCGGCCCATTCGCGTTATTCTTTATAGCAGAGTACACTAACATTATTCTAATAAACGCCCTAACAACTATTATCTTCCTAGGACCCCTATACTATATCAATTTACCAGAACTCTACTCAACTAACTTCATAATAGAAGCTCTACTACTATCATCAACATTCCTATGGATCCGAGCATCTTATCCACGCTTCCGTTACGATCAACTTATACATCTTCTATGAAAAAACTTTCTACCCCTAACACTAGCATTATGTATGTGACATATTTCTTTACCAATTTTTACAGCGGGAGTACCACCA,,,2763.0,3698.0
104,1,JX945972,AATATCCTAACACTCCTCGTCCCCATTCTAATCGCCATAGCCTTCCTAACATTAGTAGAACGCAAAATCTTAGGGTACATACAACTACGAAAAGGCCCTAACATTGTTGGTCCATACGGCATTTTACAACCATTTGCAGACGCCATAAAATTATTTATAAAAGAACCAATACGCCCTTTAACAACCTCTATATCCTTATTTATTATTGCACCTACCCTATCACTCACACTAGCATTAAGTCTATGAGTTCCCCTACCAATACCACACCCATTAATTAATTTAAACCTAGGGATTTTATTTATTTTAGCAACATCTAGCCTATCAGTTTACTCCATTCTATGATCAGGATGAGCCTCAAACTCCAAATACTCACTATTCGGAGCTTTACGAGCCGTAGCCCAAACAATTTCATATGAAGTAACCATAGCTATTATCCTTTTATCAGTTCTATTAATAAATGGATCCTACTCTCTACAAACACTTATTACAACCCAAGAACACATATGATTACTTCTGCCAGCCTGACCCATAGCCATAATATGATTTATCTCAACCCTAGCAGAAACAAACCGGGCCCCCTTCGACCTGACAGAAGGAGAATCAGAATTAGTATCAGGGTTTAACGTAGAATACGCAGCCGGCCCATTCGCGTTATTCTTTATAGCAGAGTACACTAACATTATTCTAATAAACGCCCTAACAACTATTATCTTCCTAGGACCCCTATACTATATCAATTTACCAGAACTCTACTCAACTAACTTCATAATAGAAGCTCTACTACTATCATCAACATTCCTATGGATCCGAGCATCTTATCCACGCTTCCGTTACGATCAACTTATACATCTTCTATGAAAAAACTTTCTACCCCTAACACTAGCATTATGTATGTGACATATTTCTTTACCAATTTTTACAGCGGGAGTACCACCA,,,2763.0,3698.0
105,1,JX945971,AATATCCTAACACTCCTCGTCCCCATTCTAATCGCCATAGCCTTCCTAACATTAGTAGAACGCAAAATCTTAGGGTACATACAACTACGAAAAGGCCCTAACATTGTTGGTCCATACGGCATTTTACAACCATTTGCAGACGCCATAAAATTATTTATAAAAGAACCAATACGCCCTTTAACAACCTCTATATCCTTATTTATTATTGCACCTACCCTATCACTCACACTAGCATTAAGTCTATGAGTTCCCCTACCAATACCACACCCATTAATTAATTTAAACCTAGGGATTTTATTTATTTTAGCAACATCTAGCCTATCAGTTTACTCCATTCTATGATCAGGATGAGCCTCAAACTCCAAATACTCACTATTCGGAGCTTTACGAGCCGTAGCCCAAACAATTTCATATGAAGTAACCATAGCTATTATCCTTTTATCAGTTCTATTAATAAATGGATCCTACTCTCTACAAACACTTATTACAACCCAAGAACACATATGATTACTTCTGCCAGCCTGACCCATAGCCATAATATGATTTATCTCAACCCTAGCAGAAACAAACCGGGCCCCCTTCGACCTGACAGAAGGAGAATCAGAATTAGTATCAGGGTTTAACGTAGAATACGCAGCCGGCCCATTCGCGTTATTCTTTATAGCAGAGTACACTAACATTATTCTAATAAACGCCCTAACAACTATTATCTTCCTAGGACCCCTATACTATATCAATTTACCAGAACTCTACTCAACTAACTTCATAATAGAAGCTCTACTACTATCATCAACATTCCTATGGATCCGAGCATCTTATCCACGCTTCCGTTACGATCAACTTATACATCTTCTATGAAAAAACTTTCTACCCCTAACACTAGCATTATGTATGTGACATATTTCTTTACCAATTTTTACAGCGGGAGTACCACCA,,,2763.0,3698.0
106,1,JX945969,AATATCCTAACACTCCTCGTCCCCATTCTAATCGCCATAGCCTTCCTAACATTAGTAGAACGCAAAATCTTAGGGTACATACAACTACGAAAAGGCCCTAACATTGTTGGTCCATACGGCATTTTACAACCATTTGCAGACGCCATAAAATTATTTATAAAAGAACCAATACGCCCTTTAACAACCTCTATATCCTTATTTATTATTGCACCTACCCTATCACTCACACTAGCATTAAGTCTATGAGTTCCCCTACCAATACCACACCCATTAATTAATTTAAACCTAGGGATTTTATTTATTTTAGCAACATCTAGCCTATCAGTTTACTCCATTCTATGATCAGGATGAGCCTCAAACTCCAAATACTCACTATTCGGAGCTTTACGAGCCGTAGCCCAAACAATTTCATATGAAGTAACCATAGCTATTATCCTTTTATCAGTTCTATTAATAAATGGATCCTACTCTCTACAAACACTTATTACAACCCAAGAACACATATGATTACTTCTGCCAGCCTGACCCATAGCCATAATATGATTTATCTCAACCCTAGCAGAAACAAACCGGGCCCCCTTCGACCTGACAGAAGGAGAATCAGAATTAGTATCAGGGTTTAACGTAGAATACGCAGCCGGCCCATTCGCGTTATTCTTTATAGCAGAGTACACTAACATTATTCTAATAAACGCCCTAACAACTATTATCTTCCTAGGACCCCTATACTATATCAATTTACCAGAACTCTACTCAACTAACTTCATAATAGAAGCTCTACTACTATCATCAACATTCCTATGGATCCGAGCATCTTATCCACGCTTCCGTTACGATCAACTTATACATCTTCTATGAAAAAACTTTCTACCCCTAACACTAGCATTATGTATGTGACATATTTCTTTACCAATTTTTACAGCGGGAGTACCACCA,,,2763.0,3698.0
107,1,JX945968,AATATCCTAACACTCCTCGTCCCCATTCTAATCGCCATAGCCTTCCTAACATTAGTAGAACGCAAAATCTTAGGGTACATACAACTACGAAAAGGCCCTAACATTGTTGGTCCATACGGCATTTTACAACCATTTGCAGACGCCATAAAATTATTTATAAAAGAACCAATACGCCCTTTAACAACCTCTATATCCTTATTTATTATTGCACCTACCCTATCACTCACACTAGCATTAAGTCTATGAGTTCCCCTACCAATACCACACCCATTAATTAATTTAAACCTAGGGATTTTATTTATTTTAGCAACATCTAGCCTATCAGTTTACTCCATTCTATGATCAGGATGAGCCTCAAACTCCAAATACTCACTATTCGGAGCTTTACGAGCCGTAGCCCAAACAATTTCATATGAAGTAACCATAGCTATTATCCTTTTATCAGTTCTATTAATAAATGGATCCTACTCTCTACAAACACTTATTACAACCCAAGAACACATATGATTACTTCTGCCAGCCTGACCCATAGCCATAATATGATTTATCTCAACCCTAGCAGAAACAAACCGGGCCCCCTTCGACCTGACAGAAGGAGAATCAGAATTAGTATCAGGGTTTAACGTAGAATACGCAGCCGGCCCATTCGCGTTATTCTTTATAGCAGAGTACACTAACATTATTCTAATAAACGCCCTAACAACTATTATCTTCCTAGGACCCCTATACTATATCAATTTACCAGAACTCTACTCAACTAACTTCATAATAGAAGCTCTACTACTATCATCAACATTCCTATGGATCCGAGCATCTTATCCACGCTTCCGTTACGATCAACTTATACATCTTCTATGAAAAAACTTTCTACCCCTAACACTAGCATTATGTATGTGACATATTTCTTTACCAATTTTTACAGCGGGAGTACCACCA,,,2763.0,3698.0
108,1,JX945966,AATATCCTAACACTCCTCGTCCCCATTCTAATCGCCATAGCCTTCCTAACATTAGTAGAACGCAAAATCTTAGGGTACATACAACTACGAAAAGGCCCTAACATTGTTGGTCCATACGGCATTTTACAACCATTTGCAGACGCCATAAAATTATTTATAAAAGAACCAATACGCCCTTTAACAACCTCTATATCCTTATTTATTATTGCACCTACCCTATCACTCACACTAGCATTAAGTCTATGAGTTCCCCTACCAATACCACACCCATTAATTAATTTAAACCTAGGGATTTTATTTATTTTAGCAACATCTAGCCTATCAGTTTACTCCATTCTATGATCAGGATGAGCCTCAAACTCCAAATACTCACTATTCGGAGCTTTACGAGCCGTAGCCCAAACAATTTCATATGAAGTAACCATAGCTATTATCCTTTTATCAGTTCTATTAATAAATGGATCCTACTCTCTACAAACACTTATTACAACCCAAGAACACATATGATTACTTCTGCCAGCCTGACCCATAGCCATAATATGATTTATCTCAACCCTAGCAGAAACAAACCGGGCCCCCTTCGACCTGACAGAAGGAGAATCAGAATTAGTATCAGGGTTTAACGTAGAATACGCAGCCGGCCCATTCGCGTTATTCTTTATAGCAGAGTACACTAACATTATTCTAATAAACGCCCTAACAACTATTATCTTCCTAGGACCCCTATACTATATCAATTTACCAGAACTCTACTCAACTAACTTCATAATAGAAGCTCTACTACTATCATCAACATTCCTATGGATCCGAGCATCTTATCCACGCTTCCGTTACGATCAACTTATACATCTTCTATGAAAAAACTTTCTACCCCTAACACTAGCATTATGTATGTGACATATTTCTTTACCAATTTTTACAGCGGGAGTACCACCA,,,2763.0,3698.0
109,1,JX945965,AATATCCTAACACTCCTCGTCCCCATTCTAATCGCCATAGCCTTCCTAACATTAGTAGAACGCAAAATCTTAGGGTACATACAACTACGAAAAGGCCCTAACATTGTTGGTCCATACGGCATTTTACAACCATTTGCAGACGCCATAAAATTATTTATAAAAGAACCAATACGCCCTTTAACAACCTCTATATCCTTATTTATTATTGCACCTACCCTATCACTCACACTAGCATTAAGTCTATGAGTTCCCCTACCAATACCACACCCATTAATTAATTTAAACCTAGGGATTTTATTTATTTTAGCAACATCTAGCCTATCAGTTTACTCCATTCTATGATCAGGATGAGCCTCAAACTCCAAATACTCACTATTCGGAGCTTTACGAGCCGTAGCCCAAACAATTTCATATGAAGTAACCATAGCTATTATCCTTTTATCAGTTCTATTAATAAATGGATCCTACTCTCTACAAACACTTATTACAACCCAAGAACACATATGATTACTTCTGCCAGCCTGACCCATAGCCATAATATGATTTATCTCAACCCTAGCAGAAACAAACCGGGCCCCCTTCGACCTGACAGAAGGAGAATCAGAATTAGTATCAGGGTTTAACGTAGAATACGCAGCCGGCCCATTCGCGTTATTCTTTATAGCAGAGTACACTAACATTATTCTAATAAACGCCCTAACAACTATTATCTTCCTAGGACCCCTATACTATATCAATTTACCAGAACTCTACTCAACTAACTTCATAATAGAAGCTCTACTACTATCATCAACATTCCTATGGATCCGAGCATCTTATCCACGCTTCCGTTACGATCAACTTATACATCTTCTATGAAAAAACTTTCTACCCCTAACACTAGCATTATGTATGTGACATATTTCTTTACCAATTTTTACAGCGGGAGTACCACCA,,,2763.0,3698.0
110,1,JX945964,AATATCCTAACACTCCTCGTCCCCATTCTAATCGCCATAGCCTTCCTAACATTAGTAGAACGCAAAATCTTAGGGTACATACAACTACGAAAAGGCCCTAACATTGTTGGTCCATACGGCATTTTACAACCATTTGCAGACGCCATAAAATTATTTATAAAAGAACCAATACGCCCTTTAACAACCTCTATATCCTTATTTATTATTGCACCTACCCTATCACTCACACTAGCATTAAGTCTATGAGTTCCCCTACCAATACCACACCCATTAATTAATTTAAACCTAGGGATTTTATTTATTTTAGCAACATCTAGCCTATCAGTTTACTCCATTCTATGATCAGGATGAGCCTCAAACTCCAAATACTCACTATTCGGAGCTTTACGAGCCGTAGCCCAAACAATTTCATATGAAGTAACCATAGCTATTATCCTTTTATCAGTTCTATTAATAAATGGATCCTACTCTCTACAAACACTTATTACAACCCAAGAACACATATGATTACTTCTGCCAGCCTGACCCATAGCCATAATATGATTTATCTCAACCCTAGCAGAAACAAACCGGGCCCCCTTCGACCTGACAGAAGGAGAATCAGAATTAGTATCAGGGTTTAACGTAGAATACGCAGCCGGCCCATTCGCGTTATTCTTTATAGCAGAGTACACTAACATTATTCTAATAAACGCCCTAACAACTATTATCTTCCTAGGACCCCTATACTATATCAATTTACCAGAACTCTACTCAACTAACTTCATAATAGAAGCTCTACTACTATCATCAACATTCCTATGGATCCGAGCATCTTATCCACGCTTCCGTTACGATCAACTTATACATCTTCTATGAAAAAACTTTCTACCCCTAACACTAGCATTATGTATGTGACATATTTCTTTACCAATTTTTACAGCGGGAGTACCACCA,,,2763.0,3698.0
111,1,KC663622,AATATCCTAACACTCCTCGTCCCCATTCTAATCGCCATAGCCTTCCTAACATTAGTAGAACGCAAAATCTTAGGGTACATACAACTACGAAAAGGCCCTAACATTGTTGGTCCATACGGCATTTTACAACCATTTGCAGACGCCATAAAATTATTTATAAAAGAACCAATACGCCCTTTAACAACCTCTATATCCTTATTTATTATTGCACCTACCCTATCACTCACACTAGCATTAAGTCTATGAGTTCCCCTACCAATACCACACCCATTAATTAATTTAAACCTAGGGATTTTATTTATTTTAGCAACATCTAGCCTATCAGTTTACTCCATTCTATGATCAGGATGAGCCTCAAACTCCAAATACTCACTATTCGGAGCTTTACGAGCCGTAGCCCAAACAATTTCATATGAAGTAACCATAGCTATTATCCTTTTATCAGTTCTATTAATAAATGGATCCTACTCTCTACAAACACTTATTACAACCCAAGAACACATATGATTACTTCTGCCAGCCTGACCCATAGCCATAATATGATTTATCTCAACCCTAGCAGAAACAAACCGGGCCCCCTTCGACCTGACAGAAGGAGAATCAGAATTAGTATCAGGGTTTAACGTAGAATACGCAGCCGGCCCATTCGCGTTATTCTTTATAGCAGAGTACACTAACATTATTCTAATAAACGCCCTAACAACTATTATCTTCCTAGGACCCCTATACTATATCAATTTACCAGAACTCTACTCAACTAACTTCATAATAGAAGCTCTACTACTATCATCAACATTCCTATGGATCCGAGCATCTTATCCACGCTTCCGTTACGATCAACTTATACATCTTCTATGAAAAAACTTTCTACCCCTAACACTAGCATTATGTATGTGACATATTTCTTTACCAATTTTTACAGCGGGAGTACCACCA,,,2763.0,3698.0
112,1,JX945979,AATATCCTAACACTCCTCGTCCCCATTCTAATCGCCATAGCCTTCCTAACATTAGTAGAACGCAAAATCTTAGGGTACATACAACTACGAAAAGGCCCTAACATTGTTGGTCCATACGGCATTTTACAACCATTTGCAGACGCCATAAAATTATTTATAAAAGAACCAATACGCCCTTTAACAACCTCTATATCCTTATTTATTATTGCACCTACCCTATCACTCACACTAGCATTAAGTCTATGAGTTCCCCTACCAATACCACACCCATTAATTAATTTAAACCTAGGGATTTTATTTATTTTAGCAACATCTAGCCTATCAGTTTACTCCATTCTATGATCAGGATGAGCCTCAAACTCCAAATACTCACTATTCGGAGCTTTACGAGCCGTAGCCCAAACAATTTCATATGAAGTAACCATAGCTATTATCCTTTTATCAGTTCTATTAATAAATGGATCCTACTCTCTACAAACACTTATTACAACCCAAGAACACATATGATTACTTCTGCCAGCCTGACCCATAGCCATAATATGATTTATCTCAACCCTAGCAGAAACAAACCGGGCCCCCTTCGACCTGACAGAAGGAGAATCAGAATTAGTATCAGGGTTTAACGTAGAATACGCAGCCGGCCCATTCGCGTTATTCTTTATAGCAGAGTACACTAACATTATTCTAATAAACGCCCTAACAACTATTATCTTCCTAGGACCCCTATACTATATCAATTTACCAGAACTCTACTCAACTAACTTCATAATAGAAGCTCTACTACTATCATCAACATTCCTATGGATCCGAGCATCTTATCCACGCTTCCGTTACGATCAACTTATACATCTTCTATGAAAAAACTTTCTACCCCTAACACTAGCATTATGTATGTGACATATTTCTTTACCAATTTTTACAGCGGGAGTACCACCA,,,2763.0,3698.0
113,1,FJ374664,AATATCCTAACACTCCTCGTCCCCATTCTAATCGCCATAGCCTTCCTAACATTAGTAGAACGCAAAATCTTAGGGTACATACAACTACGAAAAGGCCCTAACATTGTTGGTCCATACGGCATTTTACAACCATTTGCAGACGCCATAAAATTATTTATAAAAGAACCAATACGCCCTTTAACAACCTCTATATCCTTATTTATTATTGCACCTACCCTATCACTCACACTAGCATTAAGTCTATGAGTTCCCCTACCAATACCACACCCATTAATTAATTTAAACCTAGGGATTTTATTTATTTTAGCAACATCTAGCCTATCAGTTTACTCCATTCTATGATCAGGATGAGCCTCAAACTCCAAATACTCACTATTCGGAGCTTTACGAGCCGTAGCCCAAACAATTTCATATGAAGTAACCATAGCTATTATCCTTTTATCAGTTCTATTAATAAATGGATCCTACTCTCTACAAACACTTATTACAACCCAAGAACACATATGATTACTTCTGCCAGCCTGACCCATAGCCATAATATGATTTATCTCAACCCTAGCAGAAACAAACCGGGCCCCCTTCGACCTGACAGAAGGAGAATCAGAATTAGTATCAGGGTTTAACGTAGAATACGCAGCCGGCCCATTCGCGTTATTCTTTATAGCAGAGTACACTAACATTATTCTAATAAACGCCCTAACAACTATTATCTTCCTAGGACCCCTATACTATATCAATTTACCAGAACTCTACTCAACTAACTTCATAATAGAAGCTCTACTACTATCATCAACATTCCTATGGATCCGAGCATCTTATCCACGCTTCCGTTACGATCAACTTATACATCTTCTATGAAAAAACTTTCTACCCCTAACACTAGCATTATGTATGTGACATATTTCTTTACCAATTTTTACAGCGGGAGTACCACCA,,,2763.0,3698.0
114,1,FJ374662,AATATCCTAACACTCCTCGTCCCCATTCTAATCGCCATAGCCTTCCTAACATTAGTAGAACGCAAAATCTTAGGGTACATACAACTACGAAAAGGCCCTAACATTGTTGGTCCATACGGCATTTTACAACCATTTGCAGACGCCATAAAATTATTTATAAAAGAACCAATACGCCCTTTAACAACCTCTATATCCTTATTTATTATTGCACCTACCCTATCACTCACACTAGCATTAAGTCTATGAGTTCCCCTACCAATACCACACCCATTAATTAATTTAAACCTAGGGATTTTATTTATTTTAGCAACATCTAGCCTATCAGTTTACTCCATTCTATGATCAGGATGAGCCTCAAACTCCAAATACTCACTATTCGGAGCTTTACGAGCCGTAGCCCAAACAATTTCATATGAAGTAACCATAGCTATTATCCTTTTATCAGTTCTATTAATAAATGGATCCTACTCTCTACAAACACTTATTACAACCCAAGAACACATATGATTACTTCTGCCAGCCTGACCCATAGCCATAATATGATTTATCTCAACCCTAGCAGAAACAAACCGGGCCCCCTTCGACCTGACAGAAGGAGAATCAGAATTAGTATCAGGGTTTAACGTAGAATACGCAGCCGGCCCATTCGCGTTATTCTTTATAGCAGAGTACACTAACATTATTCTAATAAACGCCCTAACAACTATTATCTTCCTAGGACCCCTATACTATATCAATTTACCAGAACTCTACTCAACTAACTTCATAATAGAAGCTCTACTACTATCATCAACATTCCTATGGATCCGAGCATCTTATCCACGCTTCCGTTACGATCAACTTATACATCTTCTATGAAAAAACTTTCTACCCCTAACACTAGCATTATGTATGTGACATATTTCTTTACCAATTTTTACAGCGGGAGTACCACCA,,,2763.0,3698.0
115,1,FJ374661,AATATCCTAACACTCCTCGTCCCCATTCTAATCGCCATAGCCTTCCTAACATTAGTAGAACGCAAAATCTTAGGGTACATACAACTACGAAAAGGCCCTAACATTGTTGGTCCATACGGCATTTTACAACCATTTGCAGACGCCATAAAATTATTTATAAAAGAACCAATACGCCCTTTAACAACCTCTATATCCTTATTTATTATTGCACCTACCCTATCACTCACACTAGCATTAAGTCTATGAGTTCCCCTACCAATACCACACCCATTAATTAATTTAAACCTAGGGATTTTATTTATTTTAGCAACATCTAGCCTATCAGTTTACTCCATTCTATGATCAGGATGAGCCTCAAACTCCAAATACTCACTATTCGGAGCTTTACGAGCCGTAGCCCAAACAATTTCATATGAAGTAACCATAGCTATTATCCTTTTATCAGTTCTATTAATAAATGGATCCTACTCTCTACAAACACTTATTACAACCCAAGAACACATATGATTACTTCTGCCAGCCTGACCCATAGCCATAATATGATTTATCTCAACCCTAGCAGAAACAAACCGGGCCCCCTTCGACCTGACAGAAGGAGAATCAGAATTAGTATCAGGGTTTAACGTAGAATACGCAGCCGGCCCATTCGCGTTATTCTTTATAGCAGAGTACACTAACATTATTCTAATAAACGCCCTAACAACTATTATCTTCCTAGGACCCCTATACTATATCAATTTACCAGAACTCTACTCAACTAACTTCATAATAGAAGCTCTACTACTATCATCAACATTCCTATGGATCCGAGCATCTTATCCACGCTTCCGTTACGATCAACTTATACATCTTCTATGAAAAAACTTTCTACCCCTAACACTAGCATTATGTATGTGACATATTTCTTTACCAATTTTTACAGCGGGAGTACCACCA,,,2763.0,3698.0
116,1,FJ374656,AATATCCTAACACTCCTCGTCCCCATTCTAATCGCCATAGCCTTCCTAACATTAGTAGAACGCAAAATCTTAGGGTACATACAACTACGAAAAGGCCCTAACATTGTTGGTCCATACGGCATTTTACAACCATTTGCAGACGCCATAAAATTATTTATAAAAGAACCAATACGCCCTTTAACAACCTCTATATCCTTATTTATTATTGCACCTACCCTATCACTCACACTAGCATTAAGTCTATGAGTTCCCCTACCAATACCACACCCATTAATTAATTTAAACCTAGGGATTTTATTTATTTTAGCAACATCTAGCCTATCAGTTTACTCCATTCTATGATCAGGATGAGCCTCAAACTCCAAATACTCACTATTCGGAGCTTTACGAGCCGTAGCCCAAACAATTTCATATGAAGTAACCATAGCTATTATCCTTTTATCAGTTCTATTAATAAATGGATCCTACTCTCTACAAACACTTATTACAACCCAAGAACACATATGATTACTTCTGCCAGCCTGACCCATAGCCATAATATGATTTATCTCAACCCTAGCAGAAACAAACCGGGCCCCCTTCGACCTGACAGAAGGAGAATCAGAATTAGTATCAGGGTTTAACGTAGAATACGCAGCCGGCCCATTCGCGTTATTCTTTATAGCAGAGTACACTAACATTATTCTAATAAACGCCCTAACAACTATTATCTTCCTAGGACCCCTATACTATATCAATTTACCAGAACTCTACTCAACTAACTTCATAATAGAAGCTCTACTACTATCATCAACATTCCTATGGATCCGAGCATCTTATCCACGCTTCCGTTACGATCAACTTATACATCTTCTATGAAAAAACTTTCTACCCCTAACACTAGCATTATGTATGTGACATATTTCTTTACCAATTTTTACAGCGGGAGTACCACCA,,,2763.0,3698.0
117,1,FJ374654,AATATCCTAACACTCCTCGTCCCCATTCTAATCGCCATAGCCTTCCTAACATTAGTAGAACGCAAAATCTTAGGGTACATACAACTACGAAAAGGCCCTAACATTGTTGGTCCATACGGCATTTTACAACCATTTGCAGACGCCATAAAATTATTTATAAAAGAACCAATACGCCCTTTAACAACCTCTATATCCTTATTTATTATTGCACCTACCCTATCACTCACACTAGCATTAAGTCTATGAGTTCCCCTACCAATACCACACCCATTAATTAATTTAAACCTAGGGATTTTATTTATTTTAGCAACATCTAGCCTATCAGTTTACTCCATTCTATGATCAGGATGAGCCTCAAACTCCAAATACTCACTATTCGGAGCTTTACGAGCCGTAGCCCAAACAATTTCATATGAAGTAACCATAGCTATTATCCTTTTATCAGTTCTATTAATAAATGGATCCTACTCTCTACAAACACTTATTACAACCCAAGAACACATATGATTACTTCTGCCAGCCTGACCCATAGCCATAATATGATTTATCTCAACCCTAGCAGAAACAAACCGGGCCCCCTTCGACCTGACAGAAGGAGAATCAGAATTAGTATCAGGGTTTAACGTAGAATACGCAGCCGGCCCATTCGCGTTATTCTTTATAGCAGAGTACACTAACATTATTCTAATAAACGCCCTAACAACTATTATCTTCCTAGGACCCCTATACTATATCAATTTACCAGAACTCTACTCAACTAACTTCATAATAGAAGCTCTACTACTATCATCAACATTCCTATGGATCCGAGCATCTTATCCACGCTTCCGTTACGATCAACTTATACATCTTCTATGAAAAAACTTTCTACCCCTAACACTAGCATTATGTATGTGACATATTTCTTTACCAATTTTTACAGCGGGAGTACCACCA,,,2763.0,3698.0
118,1,FJ374652,AATATCCTAACACTCCTCGTCCCCATTCTAATCGCCATAGCCTTCCTAACATTAGTAGAACGCAAAATCTTAGGGTACATACAACTACGAAAAGGCCCTAACATTGTTGGTCCATACGGCATTTTACAACCATTTGCAGACGCCATAAAATTATTTATAAAAGAACCAATACGCCCTTTAACAACCTCTATATCCTTATTTATTATTGCACCTACCCTATCACTCACACTAGCATTAAGTCTATGAGTTCCCCTACCAATACCACACCCATTAATTAATTTAAACCTAGGGATTTTATTTATTTTAGCAACATCTAGCCTATCAGTTTACTCCATTCTATGATCAGGATGAGCCTCAAACTCCAAATACTCACTATTCGGAGCTTTACGAGCCGTAGCCCAAACAATTTCATATGAAGTAACCATAGCTATTATCCTTTTATCAGTTCTATTAATAAATGGATCCTACTCTCTACAAACACTTATTACAACCCAAGAACACATATGATTACTTCTGCCAGCCTGACCCATAGCCATAATATGATTTATCTCAACCCTAGCAGAAACAAACCGGGCCCCCTTCGACCTGACAGAAGGAGAATCAGAATTAGTATCAGGGTTTAACGTAGAATACGCAGCCGGCCCATTCGCGTTATTCTTTATAGCAGAGTACACTAACATTATTCTAATAAACGCCCTAACAACTATTATCTTCCTAGGACCCCTATACTATATCAATTTACCAGAACTCTACTCAACTAACTTCATAATAGAAGCTCTACTACTATCATCAACATTCCTATGGATCCGAGCATCTTATCCACGCTTCCGTTACGATCAACTTATACATCTTCTATGAAAAAACTTTCTACCCCTAACACTAGCATTATGTATGTGACATATTTCTTTACCAATTTTTACAGCGGGAGTACCACCA,,,2763.0,3698.0
119,1,FJ374645,AATATCCTAACACTCCTCGTCCCCATTCTAATCGCCATAGCCTTCCTAACATTAGTAGAACGCAAAATCTTAGGGTACATACAACTACGAAAAGGCCCTAACATTGTTGGTCCATACGGCATTTTACAACCATTTGCAGACGCCATAAAATTATTTATAAAAGAACCAATACGCCCTTTAACAACCTCTATATCCTTATTTATTATTGCACCTACCCTATCACTCACACTAGCATTAAGTCTATGAGTTCCCCTACCAATACCACACCCATTAATTAATTTAAACCTAGGGATTTTATTTATTTTAGCAACATCTAGCCTATCAGTTTACTCCATTCTATGATCAGGATGAGCCTCAAACTCCAAATACTCACTATTCGGAGCTTTACGAGCCGTAGCCCAAACAATTTCATATGAAGTAACCATAGCTATTATCCTTTTATCAGTTCTATTAATAAATGGATCCTACTCTCTACAAACACTTATTACAACCCAAGAACACATATGATTACTTCTGCCAGCCTGACCCATAGCCATAATATGATTTATCTCAACCCTAGCAGAAACAAACCGGGCCCCCTTCGACCTGACAGAAGGAGAATCAGAATTAGTATCAGGGTTTAACGTAGAATACGCAGCCGGCCCATTCGCGTTATTCTTTATAGCAGAGTACACTAACATTATTCTAATAAACGCCCTAACAACTATTATCTTCCTAGGACCCCTATACTATATCAATTTACCAGAACTCTACTCAACTAACTTCATAATAGAAGCTCTACTACTATCATCAACATTCCTATGGATCCGAGCATCTTATCCACGCTTCCGTTACGATCAACTTATACATCTTCTATGAAAAAACTTTCTACCCCTAACACTAGCATTATGTATGTGACATATTTCTTTACCAATTTTTACAGCGGGAGTACCACCA,,,2763.0,3698.0
120,1,FJ374644,AATATCCTAACACTCCTCGTCCCCATTCTAATCGCCATAGCCTTCCTAACATTAGTAGAACGCAAAATCTTAGGGTACATACAACTACGAAAAGGCCCTAACATTGTTGGTCCATACGGCATTTTACAACCATTTGCAGACGCCATAAAATTATTTATAAAAGAACCAATACGCCCTTTAACAACCTCTATATCCTTATTTATTATTGCACCTACCCTATCACTCACACTAGCATTAAGTCTATGAGTTCCCCTACCAATACCACACCCATTAATTAATTTAAACCTAGGGATTTTATTTATTTTAGCAACATCTAGCCTATCAGTTTACTCCATTCTATGATCAGGATGAGCCTCAAACTCCAAATACTCACTATTCGGAGCTTTACGAGCCGTAGCCCAAACAATTTCATATGAAGTAACCATAGCTATTATCCTTTTATCAGTTCTATTAATAAATGGATCCTACTCTCTACAAACACTTATTACAACCCAAGAACACATATGATTACTTCTGCCAGCCTGACCCATAGCCATAATATGATTTATCTCAACCCTAGCAGAAACAAACCGGGCCCCCTTCGACCTGACAGAAGGAGAATCAGAATTAGTATCAGGGTTTAACGTAGAATACGCAGCCGGCCCATTCGCGTTATTCTTTATAGCAGAGTACACTAACATTATTCTAATAAACGCCCTAACAACTATTATCTTCCTAGGACCCCTATACTATATCAATTTACCAGAACTCTACTCAACTAACTTCATAATAGAAGCTCTACTACTATCATCAACATTCCTATGGATCCGAGCATCTTATCCACGCTTCCGTTACGATCAACTTATACATCTTCTATGAAAAAACTTTCTACCCCTAACACTAGCATTATGTATGTGACATATTTCTTTACCAATTTTTACAGCGGGAGTACCACCA,,,2763.0,3698.0
121,1,FJ374643,AATATCCTAACACTCCTCGTCCCCATTCTAATCGCCATAGCCTTCCTAACATTAGTAGAACGCAAAATCTTAGGGTACATACAACTACGAAAAGGCCCTAACATTGTTGGTCCATACGGCATTTTACAACCATTTGCAGACGCCATAAAATTATTTATAAAAGAACCAATACGCCCTTTAACAACCTCTATATCCTTATTTATTATTGCACCTACCCTATCACTCACACTAGCATTAAGTCTATGAGTTCCCCTACCAATACCACACCCATTAATTAATTTAAACCTAGGGATTTTATTTATTTTAGCAACATCTAGCCTATCAGTTTACTCCATTCTATGATCAGGATGAGCCTCAAACTCCAAATACTCACTATTCGGAGCTTTACGAGCCGTAGCCCAAACAATTTCATATGAAGTAACCATAGCTATTATCCTTTTATCAGTTCTATTAATAAATGGATCCTACTCTCTACAAACACTTATTACAACCCAAGAACACATATGATTACTTCTGCCAGCCTGACCCATAGCCATAATATGATTTATCTCAACCCTAGCAGAAACAAACCGGGCCCCCTTCGACCTGACAGAAGGAGAATCAGAATTAGTATCAGGGTTTAACGTAGAATACGCAGCCGGCCCATTCGCGTTATTCTTTATAGCAGAGTACACTAACATTATTCTAATAAACGCCCTAACAACTATTATCTTCCTAGGACCCCTATACTATATCAATTTACCAGAACTCTACTCAACTAACTTCATAATAGAAGCTCTACTACTATCATCAACATTCCTATGGATCCGAGCATCTTATCCACGCTTCCGTTACGATCAACTTATACATCTTCTATGAAAAAACTTTCTACCCCTAACACTAGCATTATGTATGTGACATATTTCTTTACCAATTTTTACAGCGGGAGTACCACCA,,,2763.0,3698.0
122,1,FJ374641,AATATCCTAACACTCCTCGTCCCCATTCTAATCGCCATAGCCTTCCTAACATTAGTAGAACGCAAAATCTTAGGGTACATACAACTACGAAAAGGCCCTAACATTGTTGGTCCATACGGCATTTTACAACCATTTGCAGACGCCATAAAATTATTTATAAAAGAACCAATACGCCCTTTAACAACCTCTATATCCTTATTTATTATTGCACCTACCCTATCACTCACACTAGCATTAAGTCTATGAGTTCCCCTACCAATACCACACCCATTAATTAATTTAAACCTAGGGATTTTATTTATTTTAGCAACATCTAGCCTATCAGTTTACTCCATTCTATGATCAGGATGAGCCTCAAACTCCAAATACTCACTATTCGGAGCTTTACGAGCCGTAGCCCAAACAATTTCATATGAAGTAACCATAGCTATTATCCTTTTATCAGTTCTATTAATAAATGGATCCTACTCTCTACAAACACTTATTACAACCCAAGAACACATATGATTACTTCTGCCAGCCTGACCCATAGCCATAATATGATTTATCTCAACCCTAGCAGAAACAAACCGGGCCCCCTTCGACCTGACAGAAGGAGAATCAGAATTAGTATCAGGGTTTAACGTAGAATACGCAGCCGGCCCATTCGCGTTATTCTTTATAGCAGAGTACACTAACATTATTCTAATAAACGCCCTAACAACTATTATCTTCCTAGGACCCCTATACTATATCAATTTACCAGAACTCTACTCAACTAACTTCATAATAGAAGCTCTACTACTATCATCAACATTCCTATGGATCCGAGCATCTTATCCACGCTTCCGTTACGATCAACTTATACATCTTCTATGAAAAAACTTTCTACCCCTAACACTAGCATTATGTATGTGACATATTTCTTTACCAATTTTTACAGCGGGAGTACCACCA,,,2763.0,3698.0
123,1,FJ374639,AATATCCTAACACTCCTCGTCCCCATTCTAATCGCCATAGCCTTCCTAACATTAGTAGAACGCAAAATCTTAGGGTACATACAACTACGAAAAGGCCCTAACATTGTTGGTCCATACGGCATTTTACAACCATTTGCAGACGCCATAAAATTATTTATAAAAGAACCAATACGCCCTTTAACAACCTCTATATCCTTATTTATTATTGCACCTACCCTATCACTCACACTAGCATTAAGTCTATGAGTTCCCCTACCAATACCACACCCATTAATTAATTTAAACCTAGGGATTTTATTTATTTTAGCAACATCTAGCCTATCAGTTTACTCCATTCTATGATCAGGATGAGCCTCAAACTCCAAATACTCACTATTCGGAGCTTTACGAGCCGTAGCCCAAACAATTTCATATGAAGTAACCATAGCTATTATCCTTTTATCAGTTCTATTAATAAATGGATCCTACTCTCTACAAACACTTATTACAACCCAAGAACACATATGATTACTTCTGCCAGCCTGACCCATAGCCATAATATGATTTATCTCAACCCTAGCAGAAACAAACCGGGCCCCCTTCGACCTGACAGAAGGAGAATCAGAATTAGTATCAGGGTTTAACGTAGAATACGCAGCCGGCCCATTCGCGTTATTCTTTATAGCAGAGTACACTAACATTATTCTAATAAACGCCCTAACAACTATTATCTTCCTAGGACCCCTATACTATATCAATTTACCAGAACTCTACTCAACTAACTTCATAATAGAAGCTCTACTACTATCATCAACATTCCTATGGATCCGAGCATCTTATCCACGCTTCCGTTACGATCAACTTATACATCTTCTATGAAAAAACTTTCTACCCCTAACACTAGCATTATGTATGTGACATATTTCTTTACCAATTTTTACAGCGGGAGTACCACCA,,,2763.0,3698.0
124,1,FJ374657,AATATCCTAACACTCCTCGTCCCCATTCTAATCGCCATAGCCTTCCTAACATTAGTAGAACGCAAAATCTTAGGGTACATACAACTACGAAAAGGCCCTAACATTGTTGGTCCATACGGCATTTTACAACCATTTGCAGACGCCATAAAATTATTTATAAAAGAACCAATACGCCCTTTAACAACCTCTATATCCTTATTTATTATTGCACCTACCCTATCACTCACACTAGCATTAAGTCTATGAGTTCCCCTACCAATACCACACCCATTAATTAATTTAAACCTAGGGATTTTATTTATTTTAGCAACATCTAGCCTATCAGTTTACTCCATTCTATGATCAGGATGAGCCTCAAACTCCAAATACTCACTATTCGGAGCTTTACGAGCCGTAGCCCAAACAATTTCATATGAAGTAACCATAGCTATTATCCTTTTATCAGTTCTATTAATAAATGGATCCTACTCTCTACAAACACTTATTACAACCCAAGAACACATATGATTACTTCTGCCAGCCTGACCCATAGCCATAATATGATTTATCTCAACCCTAGCAGAAACAAACCGGGCCCCCTTCGACCTGACAGAAGGAGAATCAGAATTAGTATCAGGGTTTAACGTAGAATACGCAGCCGGCCCATTCGCGTTATTCTTTATAGCAGAGTACACTAACATTATTCTAATAAACGCCCTAACAACTATTATCTTCCTAGGACCCCTATACTATATCAATTTACCAGAACTCTACTCAACTAACTTCATAATAGAAGCTCTACTACTATCATCAACATTCCTATGGATCCGAGCATCTTATCCACGCTTCCGTTACGATCAACTTATACATCTTCTATGAAAAAACTTTCTACCCCTAACACTAGCATTATGTATGTGACATATTTCTTTACCAATTTTTACAGCGGGAGTACCACCA,,,2763.0,3698.0
125,1,FJ374649,AATATCCTAACACTCCTCGTCCCCATTCTAATCGCCATAGCCTTCCTAACATTAGTAGAACGCAAAATCTTAGGGTACATACAACTACGAAAAGGCCCTAACATTGTTGGTCCATACGGCATTTTACAACCATTTGCAGACGCCATAAAATTATTTATAAAAGAACCAATACGCCCTTTAACAACCTCTATATCCTTATTTATTATTGCACCTACCCTATCACTCACACTAGCATTAAGTCTATGAGTTCCCCTACCAATACCACACCCATTAATTAATTTAAACCTAGGGATTTTATTTATTTTAGCAACATCTAGCCTATCAGTTTACTCCATTCTATGATCAGGATGAGCCTCAAACTCCAAATACTCACTATTCGGAGCTTTACGAGCCGTAGCCCAAACAATTTCATATGAAGTAACCATAGCTATTATCCTTTTATCAGTTCTATTAATAAATGGATCCTACTCTCTACAAACACTTATTACAACCCAAGAACACATATGATTACTTCTGCCAGCCTGACCCATAGCCATAATATGATTTATCTCAACCCTAGCAGAAACAAACCGGGCCCCCTTCGACCTGACAGAAGGAGAATCAGAATTAGTATCAGGGTTTAACGTAGAATACGCAGCCGGCCCATTCGCGTTATTCTTTATAGCAGAGTACACTAACATTATTCTAATAAACGCCCTAACAACTATTATCTTCCTAGGACCCCTATACTATATCAATTTACCAGAACTCTACTCAACTAACTTCATAATAGAAGCTCTACTACTATCATCAACATTCCTATGGATCCGAGCATCTTATCCACGCTTCCGTTACGATCAACTTATACATCTTCTATGAAAAAACTTTCTACCCCTAACACTAGCATTATGTATGTGACATATTTCTTTACCAATTTTTACAGCGGGAGTACCACCA,,,2763.0,3698.0
126,1,GQ871746,AATATCCTAACACTCCTCGTCCCCATTCTAATCGCCATAGCCTTCCTAACATTAGTAGAACGCAAAATCTTAGGGTACATACAACTACGAAAAGGCCCTAACATTGTTGGTCCATACGGCATTTTACAACCATTTGCAGACGCCATAAAATTATTTATAAAAGAACCAATACGCCCTTTAACAACCTCTATATCCTTATTTATTATTGCACCTACCCTATCACTCACACTAGCATTAAGTCTATGAGTTCCCCTACCAATACCACACCCATTAATTAATTTAAACCTAGGGATTTTATTTATTTTAGCAACATCTAGCCTATCAGTTTACTCCATTCTATGATCAGGATGAGCCTCAAACTCCAAATACTCACTATTCGGAGCTTTACGAGCCGTAGCCCAAACAATTTCATATGAAGTAACCATAGCTATTATCCTTTTATCAGTTCTATTAATAAATGGATCCTACTCTCTACAAACACTTATTACAACCCAAGAACACATATGATTACTTCTGCCAGCCTGACCCATAGCCATAATATGATTTATCTCAACCCTAGCAGAAACAAACCGGGCCCCCTTCGACCTGACAGAAGGAGAATCAGAATTAGTATCAGGGTTTAACGTAGAATACGCAGCCGGCCCATTCGCGTTATTCTTTATAGCAGAGTACACTAACATTATTCTAATAAACGCCCTAACAACTATTATCTTCCTAGGACCCCTATACTATATCAATTTACCAGAACTCTACTCAACTAACTTCATAATAGAAGCTCTACTACTATCATCAACATTCCTATGGATCCGAGCATCTTATCCACGCTTCCGTTACGATCAACTTATACATCTTCTATGAAAAAACTTTCTACCCCTAACACTAGCATTATGTATGTGACATATTTCTTTACCAATTTTTACAGCGGGAGTACCACCA,,,2763.0,3698.0
127,1,FJ374647,AATATCCTAACACTCCTCGTCCCCATTCTAATCGCCATAGCCTTCCTAACATTAGTAGAACGCAAAATCTTAGGGTACATACAACTACGAAAAGGCCCTAACATTGTTGGTCCATACGGCATTTTACAACCATTTGCAGACGCCATAAAATTATTTATAAAAGAACCAATACGCCCTTTAACAACCTCTATATCCTTATTTATTATTGCACCTACCCTATCACTCACACTAGCATTAAGTCTATGAGTTCCCCTACCAATACCACACCCATTAATTAATTTAAACCTAGGGATTTTATTTATTTTAGCAACATCTAGCCTATCAGTTTACTCCATTCTATGATCAGGATGAGCCTCAAACTCCAAATACTCACTATTCGGAGCTTTACGAGCCGTAGCCCAAACAATTTCATATGAAGTAACCATAGCTATTATCCTTTTATCAGTTCTATTAATAAATGGATCCTACTCTCTACAAACACTTATTACAACCCAAGAACACATATGATTACTTCTGCCAGCCTGACCCATAGCCATAATATGATTTATCTCAACCCTAGCAGAAACAAACCGGGCCCCCTTCGACCTGACAGAAGGAGAATCAGAATTAGTATCAGGGTTTAACGTAGAATACGCAGCCGGCCCATTCGCGTTATTCTTTATAGCAGAGTACACTAACATTATTCTAATAAACGCCCTAACAACTATTATCTTCCTAGGACCCCTATACTATATCAATTTACCAGAACTCTACTCAACTAACTTCATAATAGAAGCTCTACTACTATCATCAACATTCCTATGGATCCGAGCATCTTATCCACGCTTCCGTTACGATCAACTTATACATCTTCTATGAAAAAACTTTCTACCCCTAACACTAGCATTATGTATGTGACATATTTCTTTACCAATTTTTACAGCGGGAGTACCACCA,,,2763.0,3698.0
128,1,FJ374646,AATATCCTAACACTCCTCGTCCCCATTCTAATCGCCATAGCCTTCCTAACATTAGTAGAACGCAAAATCTTAGGGTACATACAACTACGAAAAGGCCCTAACATTGTTGGTCCATACGGCATTTTACAACCATTTGCAGACGCCATAAAATTATTTATAAAAGAACCAATACGCCCTTTAACAACCTCTATATCCTTATTTATTATTGCACCTACCCTATCACTCACACTAGCATTAAGTCTATGAGTTCCCCTACCAATACCACACCCATTAATTAATTTAAACCTAGGGATTTTATTTATTTTAGCAACATCTAGCCTATCAGTTTACTCCATTCTATGATCAGGATGAGCCTCAAACTCCAAATACTCACTATTCGGAGCTTTACGAGCCGTAGCCCAAACAATTTCATATGAAGTAACCATAGCTATTATCCTTTTATCAGTTCTATTAATAAATGGATCCTACTCTCTACAAACACTTATTACAACCCAAGAACACATATGATTACTTCTGCCAGCCTGACCCATAGCCATAATATGATTTATCTCAACCCTAGCAGAAACAAACCGGGCCCCCTTCGACCTGACAGAAGGAGAATCAGAATTAGTATCAGGGTTTAACGTAGAATACGCAGCCGGCCCATTCGCGTTATTCTTTATAGCAGAGTACACTAACATTATTCTAATAAACGCCCTAACAACTATTATCTTCCTAGGACCCCTATACTATATCAATTTACCAGAACTCTACTCAACTAACTTCATAATAGAAGCTCTACTACTATCATCAACATTCCTATGGATCCGAGCATCTTATCCACGCTTCCGTTACGATCAACTTATACATCTTCTATGAAAAAACTTTCTACCCCTAACACTAGCATTATGTATGTGACATATTTCTTTACCAATTTTTACAGCGGGAGTACCACCA,,,2763.0,3698.0
129,1,AB042809,AATATCCTAACACTCCTCGTCCCCATTCTAATCGCCATAGCCTTCCTAACATTAGTAGAACGCAAAATCTTAGGGTACATACAACTACGAAAAGGCCCTAACATTGTTGGTCCATACGGCATTTTACAACCATTTGCAGACGCCATAAAATTATTTATAAAAGAACCAATACGCCCTTTAACAACCTCTATATCCTTATTTATTATTGCACCTACCCTATCACTCACACTAGCATTAAGTCTATGAGTTCCCCTACCAATACCACACCCATTAATTAATTTAAACCTAGGGATTTTATTTATTTTAGCAACATCTAGCCTATCAGTTTACTCCATTCTATGATCAGGATGAGCCTCAAACTCCAAATACTCACTATTCGGAGCTTTACGAGCCGTAGCCCAAACAATTTCATATGAAGTAACCATAGCTATTATCCTTTTATCAGTTCTATTAATAAATGGATCCTACTCTCTACAAACACTTATTACAACCCAAGAACACATATGATTACTTCTGCCAGCCTGACCCATAGCCATAATATGATTTATCTCAACCCTAGCAGAAACAAACCGGGCCCCCTTCGACCTGACAGAAGGAGAATCAGAATTAGTATCAGGGTTTAACGTAGAATACGCAGCCGGCCCATTCGCGTTATTCTTTATAGCAGAGTACACTAACATTATTCTAATAAACGCCCTAACAACTATTATCTTCCTAGGACCCCTATACTATATCAATTTACCAGAACTCTACTCAACTAACTTCATAATAGAAGCTCTACTACTATCATCAACATTCCTATGGATCCGAGCATCTTATCCACGCTTCCGTTACGATCAACTTATACATCTTCTATGAAAAAACTTTCTACCCCTAACACTAGCATTATGTATGTGACATATTTCTTTACCAATTTTTACAGCGGGAGTACCACCA,,,2763.0,3698.0
130,1,AB042523,AATATCCTAACACTCCTCGTCCCCATTCTAATCGCCATAGCCTTCCTAACATTAGTAGAACGCAAAATCTTAGGGTACATACAACTACGAAAAGGCCCTAACATTGTTGGTCCATACGGCATTTTACAACCATTTGCAGACGCCATAAAATTATTTATAAAAGAACCAATACGCCCTTTAACAACCTCTATATCCTTATTTATTATTGCACCTACCCTATCACTCACACTAGCATTAAGTCTATGAGTTCCCCTACCAATACCACACCCATTAATTAATTTAAACCTAGGGATTTTATTTATTTTAGCAACATCTAGCCTATCAGTTTACTCCATTCTATGATCAGGATGAGCCTCAAACTCCAAATACTCACTATTCGGAGCTTTACGAGCCGTAGCCCAAACAATTTCATATGAAGTAACCATAGCTATTATCCTTTTATCAGTTCTATTAATAAATGGATCCTACTCTCTACAAACACTTATTACAACCCAAGAACACATATGATTACTTCTGCCAGCCTGACCCATAGCCATAATATGATTTATCTCAACCCTAGCAGAAACAAACCGGGCCCCCTTCGACCTGACAGAAGGAGAATCAGAATTAGTATCAGGGTTTAACGTAGAATACGCAGCCGGCCCATTCGCGTTATTCTTTATAGCAGAGTACACTAACATTATTCTAATAAACGCCCTAACAACTATTATCTTCCTAGGACCCCTATACTATATCAATTTACCAGAACTCTACTCAACTAACTTCATAATAGAAGCTCTACTACTATCATCAACATTCCTATGGATCCGAGCATCTTATCCACGCTTCCGTTACGATCAACTTATACATCTTCTATGAAAAAACTTTCTACCCCTAACACTAGCATTATGTATGTGACATATTTCTTTACCAATTTTTACAGCGGGAGTACCACCA,,,2763.0,3698.0
131,1,AB042524,AATATCCTAACACTCCTCGTCCCCATTCTAATCGCCATAGCCTTCCTAACATTAGTAGAACGCAAAATCTTAGGGTACATACAACTACGAAAAGGCCCTAACATTGTTGGTCCATACGGCATTTTACAACCATTTGCAGACGCCATAAAATTATTTATAAAAGAACCAATACGCCCTTTAACAACCTCTATATCCTTATTTATTATTGCACCTACCCTATCACTCACACTAGCATTAAGTCTATGAGTTCCCCTACCAATACCACACCCATTAATTAATTTAAACCTAGGGATTTTATTTATTTTAGCAACATCTAGCCTATCAGTTTACTCCATTCTATGATCAGGATGAGCCTCAAACTCCAAATACTCACTATTCGGAGCTTTACGAGCCGTAGCCCAAACAATTTCATATGAAGTAACCATAGCTATTATCCTTTTATCAGTTCTATTAATAAATGGATCCTACTCTCTACAAACACTTATTACAACCCAAGAACACATATGATTACTTCTGCCAGCCTGACCCATAGCCATAATATGATTTATCTCAACCCTAGCAGAAACAAACCGGGCCCCCTTCGACCTGACAGAAGGAGAATCAGAATTAGTATCAGGGTTTAACGTAGAATACGCAGCCGGCCCATTCGCGTTATTCTTTATAGCAGAGTACACTAACATTATTCTAATAAACGCCCTAACAACTATTATCTTCCTAGGACCCCTATACTATATCAATTTACCAGAACTCTACTCAACTAACTTCATAATAGAAGCTCTACTACTATCATCAACATTCCTATGGATCCGAGCATCTTATCCACGCTTCCGTTACGATCAACTTATACATCTTCTATGAAAAAACTTTCTACCCCTAACACTAGCATTATGTATGTGACATATTTCTTTACCAATTTTTACAGCGGGAGTACCACCA,,,2763.0,3698.0
132,1,AB042432,AATATCCTAACACTCCTCGTCCCCATTCTAATCGCCATAGCCTTCCTAACATTAGTAGAACGCAAAATCTTAGGGTACATACAACTACGAAAAGGCCCTAACATTGTTGGTCCATACGGCATTTTACAACCATTTGCAGACGCCATAAAATTATTTATAAAAGAACCAATACGCCCTTTAACAACCTCTATATCCTTATTTATTATTGCACCTACCCTATCACTCACACTAGCATTAAGTCTATGAGTTCCCCTACCAATACCACACCCATTAATTAATTTAAACCTAGGGATTTTATTTATTTTAGCAACATCTAGCCTATCAGTTTACTCCATTCTATGATCAGGATGAGCCTCAAACTCCAAATACTCACTATTCGGAGCTTTACGAGCCGTAGCCCAAACAATTTCATATGAAGTAACCATAGCTATTATCCTTTTATCAGTTCTATTAATAAATGGATCCTACTCTCTACAAACACTTATTACAACCCAAGAACACATATGATTACTTCTGCCAGCCTGACCCATAGCCATAATATGATTTATCTCAACCCTAGCAGAAACAAACCGGGCCCCCTTCGACCTGACAGAAGGAGAATCAGAATTAGTATCAGGGTTTAACGTAGAATACGCAGCCGGCCCATTCGCGTTATTCTTTATAGCAGAGTACACTAACATTATTCTAATAAACGCCCTAACAACTATTATCTTCCTAGGACCCCTATACTATATCAATTTACCAGAACTCTACTCAACTAACTTCATAATAGAAGCTCTACTACTATCATCAACATTCCTATGGATCCGAGCATCTTATCCACGCTTCCGTTACGATCAACTTATACATCTTCTATGAAAAAACTTTCTACCCCTAACACTAGCATTATGTATGTGACATATTTCTTTACCAATTTTTACAGCGGGAGTACCACCA,,,2763.0,3698.0
133,1,FJ374651,AATATCCTAACACTCCTCGTCCCCATTCTAATCGCCATAGCCTTCCTAACATTAGTAGAACGCAAAATCTTAGGGTACATACAACTACGAAAAGGCCCTAACATTGTTGGTCCATACGGCATTTTACAACCATTTGCAGACGCCATAAAATTATTTATAAAAGAACCAATACGCCCTTTAACAACCTCTATATCCTTATTTATTATTGCACCTACCCTATCACTCACACTAGCATTAAGTCTATGAGTTCCCCTACCAATACCACACCCATTAATTAATTTAAACCTAGGGATTTTATTTATTTTAGCAACATCTAGCCTATCAGTTTACTCCATTCTATGATCAGGATGAGCCTCAAACTCCAAATACTCACTATTCGGAGCTTTACGAGCCGTAGCCCAAACAATTTCATATGAAGTAACCATAGCTATTATCCTTTTATCAGTTCTATTAATAAATGGATCCTACTCTCTACAAACACTTATTACAACCCAAGAACACATATGATTACTTCTGCCAGCCTGACCCATAGCCATAATATGATTTATCTCAACCCTAGCAGAAACAAACCGGGCCCCCTTCGACCTGACAGAAGGAGAATCAGAATTAGTATCAGGGTTTAACGTAGAATACGCAGCCGGCCCATTCGCGTTATTCTTTATAGCAGAGTACACTAACATTATTCTAATAAACGCCCTAACAACTATTATCTTCCTAGGACCCCTATACTATATCAATTTACCAGAACTCTACTCAACTAACTTCATAATAGAAGCTCTACTACTATCATCAACATTCCTATGGATCCGAGCATCTTATCCACGCTTCCGTTACGATCAACTTATACATCTTCTATGAAAAAACTTTCTACCCCTAACACTAGCATTATGTATGTGACATATTTCTTTACCAATTTTTACAGCGGGAGTACCACCA,,,2763.0,3698.0
134,1,EF108344,AATATCCTAACACTCCTCGTCCCCATTCTAATCGCCATAGCCTTCCTAACATTAGTAGAACGCAAAATCTTAGGGTACATACAACTACGAAAAGGCCCTAACATTGTTGGTCCATACGGCATTTTACAACCATTTGCAGACGCCATAAAATTATTTATAAAAGAACCAATACGCCCTTTAACAACCTCTATATCCTTATTTATTATTGCACCTACCCTATCACTCACACTAGCATTAAGTCTATGAGTTCCCCTACCAATACCACACCCATTAATTAATTTAAACCTAGGGATTTTATTTATTTTAGCAACATCTAGCCTATCAGTTTACTCCATTCTATGATCAGGATGAGCCTCAAACTCCAAATACTCACTATTCGGAGCTTTACGAGCCGTAGCCCAAACAATTTCATATGAAGTAACCATAGCTATTATCCTTTTATCAGTTCTATTAATAAATGGATCCTACTCTCTACAAACACTTATTACAACCCAAGAACACATATGATTACTTCTGCCAGCCTGACCCATAGCCATAATATGATTTATCTCAACCCTAGCAGAAACAAACCGGGCCCCCTTCGACCTGACAGAAGGAGAATCAGAATTAGTATCAGGGTTTAACGTAGAATACGCAGCCGGCCCATTCGCGTTATTCTTTATAGCAGAGTACACTAACATTATTCTAATAAACGCCCTAACAACTATTATCTTCCTAGGACCCCTATACTATATCAATTTACCAGAACTCTACTCAACTAACTTCATAATAGAAGCTCTACTACTATCATCAACATTCCTATGGATCCGAGCATCTTATCCACGCTTCCGTTACGATCAACTTATACATCTTCTATGAAAAAACTTTCTACCCCTAACACTAGCATTATGTATGTGACATATTTCTTTACCAATTTTTACAGCGGGAGTACCACCA,,,2763.0,3698.0
135,1,KC663619,AATGTCCTAACACTCCTCGTCCCCATTCTAATCGCTATAGCCTTCCTAACACTAGTAGAACGCAAAATCTTAGGGTACATACAACTACGAAAAGGCCCTAACATTGTTGGTCCATACGGCATTTTACAACCATTTGCAGACGCCATAAAATTATTTATAAAAGAACCAATACGCCCTTTAACAACCTCTATATCCTTATTTATTATTGCACCTACCCTATCACTCACACTAGCATTAAGTCTATGAGTCCCCCTACCAATACCACACCCATTAATTAATTTAAACCTAGGGATTTTATTTATTTTAGCAACATCTAGCCTATCAGTTTACTCCATTCTATGATCAGGATGAGCCTCAAACTCCAAATACTCACTATTCGGAGCTTTACGAGCCGTAGCCCAAACAATTTCATATGAAGTAACCATAGCTATTATCCTTTTATCAGTTCTATTAATAAACGGATCCTACTCTCTACAAACACTTATTACAACCCAAGAACACATATGATTACTTCTGCCAGCCTGACCCATAGCCATAATATGATTTATCTCAACCCTAGCAGAAACAAACCGGGCCCCCTTCGACCTGACAGAAGGAGAATCAGAATTAGTATCAGGGTTTAACGTAGAATACGCAGCCGGCCCATTCGCGTTATTCTTTATAGCAGAGTACACTAACATTATTCTAATAAACGCCCTAACAACCATTATCTTCCTAGGACCCCTATACTATATCAATTTACCAGAACTCTACTCAACTAACTTCATAATAGAAGCTCTACTACTATCATCAACATTCCTATGGATCCGAGCATCTTATCCACGCTTCCGTTACGACCAACTTATACATCTTCTATGAAAAAACTTTCTACCCCTAACACTAGCATTATGTATGTGACATATTTCTTTACCAATTTTTACAGCGGGAGTGCCACCA,,,2763.0,3698.0
136,1,KC663620,AATATCCTAACACTCCTCGTCCCCATTCTAATCGCTATAGCCTTCCTAACACTAGTAGAACGCAAAATCTTAGGGTGTATACAACTACGAAAAGGCCCTAACATTGTTGGTCCATACGGCATTTTACAACCATTTGCAGACGCCATAAAATTATTTATAAAAGAACCAATACGCCCTTTAACAACCTCTATATCCTTATTTATTATTGCACCTACCCTATCACTCACACTAGCATTAAGTCTATGAGTTCCCCTACCAATACCACACCCATTAATTAATTTAAACCTAGGGATTTTATTTATTTTAGCAACATCTAGCCTATCAGTTTACTCCATTCTATGATCAGGATGAGCCTCAAACTCCAAATACTCACTATTCGGAGCTTTACGGGCCGTAGCCCAAACAATTTCATATGAAGTAACCATAGCTATTATCCTTTTATCAGTTCTATTAATAAGTGGATCCTACTCTCTACAAACACTTATTACAACCCAAGAACACATATGATTACTTCTGCCAGCCTGACCCATAGCCATAATATGATTTATCTCAACCCTAGCAGAAACAAACCGGGCCCCCTTCGACCTGACAGAAGGAGAATCAGAATTAGTATCAGGGTTTAACGTAGAATACGCAGCCGGCCCATTCGCGTTATTCTTTATAGCAGAGTACACTAACATTATTCTAATAAACGCCCTAACAACCATTATCTTCCTAGGACCCCTATACTATATCAATTTACCAGAACTATACTCAACTAACTTCATAATAGAAGCTCTACTACTATCATCAACATTCCTATGGATCCGATCATCTTATCCACGCTTCCGTTACGACCAACTTATACATCTTCTATGAAAAAACTTTCTACCTCTAACACTAGCATTATGCATGTGACATATTTCTTTACCAATTTTTACAGCGGGGGTACCACCA,,,2763.0,3698.0
137,1,KC663618,AATATCCTAACACTCCTCGTCCCCATTCTAATCGCCATAGCCTTCCTAACATTAGTAGAACGCAAAATCTTAGGGTACATACAACTACGAAAAGGCCCTAACATTGTTGGTCCATACGGCATTTTACAACCATTTGCAGACGCCATAAAATTATTTATAAAAGAACCAACACGCCCTTTAACAACCTCTATATCCTTATTTATTATTGCACCTACCCTATCACTCACACTAGCATTAAGTCTATGAGTTCCCCTACCAATACCACACCCATTAATTAATTTAAACCTAGGGATTTTATTTATTTTAGCAACATCTAGCCTATCAGTTTACTCCATTCTATGATCAGGATGAGCCTCAAACTCCAAATACTCACTATTCGGAGCTTTACGAGCCGTAGCCCAAACAATTTCATATGAAGTAACCATAGCTATTATCCTTTTATCAGTTCTATTAATAAATGGATCCTACTCTCTACAAACACTTATTACAACCCAAGAACACATATGATTACTTCTGCCAGCCTGACCCATAGCCATAATATGATTTATCTCAACCCTAGCAGAAACAAACCGGGCCCCCTTCGACCTGACAGAAGGAGAATCAGAATTAGTATCAGGGTTTAACGTAGAATACGCAGCCGGCCCATTCGCGTTATTCTTTATAGCAGAGTACACTAACATTATTCTAATAAACGCCCTAACAACTATTATCTTCCTAGGACCCCTATACTATATCAATTTACCAGAACTCTACTCAACTAACTTCATAATAGAAGCTCTACTACTATCATCAACATTCCTATGGATCCGAGCATCTTATCCACGCTTCCGTTACGATCAACTTATACATCTTCTATGAAAAAACTTTCTACCCCTAACACTAGCATTATGTATGTGACATATTTCTTTACCAATTTTTACAGCGGGAGTACCACCA,,,2763.0,3698.0
138,1,FJ374650,AATATCCTAACACTCCTCGTCCCCATTCTAATCGCCATAGCCTTCCTAACATTAGTAGAACGCAAAATCTTAGGGTACATACAACTACGAAAAGGCCCTAACATTGTTGGTCCATACGGCATTTTACAACCATTTGCAGACGCCATAAAATTATTTATAAAAGAACCAATACGCCCTTTAACAACCTCTATATCCTTATTTATTATTGCACCTACCCTATCACTCACACTAGCATTAAGTCTATGAGTTCCCCTACCAATACCACACCCATTAATTAATTTAAACCTAGGGATTTTATTTATTTTAGCAGCATCTAGCCTATCAGTTTACTCCATTCTATGATCAGGATGAGCCTCAAACTCCAAATACTCACTATTCGGAGCTTTACGAGCCGTAGCCCAAACAATTTCATATGAAGTAACCATAGCTATTATCCTTTTATCAGTTCTATTAATAAATGGATCCTACTCTCTACAAACACTTATTACAACCCAAGAACACATATGATTACTTCTGCCAGCCTGACCCATAGCCATAATATGATTTATCTCAACCCTAGCAGAAACAAACCGGGCCCCCTTCGACCTGACAGAAGGAGAATCAGAATTAGTATCAGGGTTTAACGTAGAATACGCAGCCGGCCCATTCGCGTTATTCTTTATAGCAGAGTACACTAACATTATTCTAATAAACGCCCTAACAACTATTATCTTCCTAGGACCCCTATACTATATCAATTTACCAGAACTCTACTCAACTAACTTCATAATAGAAGCTCTACTACTATCATCAACATTCCTATGGATCCGAGCATCTTATCCACGCTTCCGTTACGATCAACTTATACATCTTCTATGAAAAAACTTTCTACCCCTAACACTAGCATTATGTATGTGACATATTTCTTTACCAATTTTTACAGCGGGAGTACCACCA,,,2763.0,3698.0
139,1,AY394056,------------------------------------------------------------------------------------------------------------------------------------------------------------------------------------------------------------------------------------------------------------------------------------------------------------------------------------------------------------------------------------------------------------------------------------------------------------------------------------------------------------------------------------------------------------------------ACCCTAGCAGAAACAAACCGGGCCCCCTTCGACCTGACAGAAGGAGAATCAGAATTAGTATCAGGGTTTAACGTAGAATACGCAGCCGGCCCATTCGCGTTATTCTTTATAGCAGAGTACACTAACATTATTCTAATAAACGCCCTAACAACCATTATCTTCCTAGGACCCCTATACTATATCAATTTACCAGAACTCTACTCAACTAACTTCATAATAGAAGCTCTACTACTATCATCAACATTCCTATGGATCCGAGCATCTTATCCACGCTTCCGTTACGACCAACTTATACATCTTCTATGAAAAAACTTTCTACCCCTAACACTAGCATTATGTATGTGACATATTTCTTTACCAATTTTTACAGCGGGAGTACCACCA,,,3.0,386.0
140,1,AY394055,------------------------------------------------------------------------------------------------------------------------------------------------------------------------------------------------------------------------------------------------------------------------------------------------------------------------------------------------------------------------------------------------------------------------------------------------------------------------------------------------------------------------------------------------------------------------ACCCTAGCAGAAACAAACCGGGCCCCCTTCGACCTGACAGAAGGAGAATCAGAATTAGTATCAGGGTTTAACGTAGAATACGCAGCCGGCCCATTCGCGTTATTCTTTATAGCAGAGTACACTAACATTATTCTAATAAACGCCCTAACAACTATTATCTTCCTAGGACCCCTATACTATATCAATTTACCAGAACTCTACTCAACTAACTTCATAATAGAAGCTCTACTACTATCATCAACATTCCTATGGATCCGAGCATCTTATCCACGCTTCCGTTACGATCAACTTATACATCTTCTATGAAAAAACTTTCTACCCCTAACACTAGCATTATGTATGTGACATATTTCTTTACCAATTTTTACAGCGGGAGTACCACCA,,,3.0,386.0
